,SDB Feature,Value,apunim,pvalue,support,Model,Prompt
0,Age,1) Gen. X+,-0.09436696250679225,0.3557026253152744,14,olmo32b,default
1,Age,2) Millennial,0.0011551790527531906,0.9641793201491996,13,olmo32b,default
2,Age,3) Gen. Z,0.0695187165775401,0.6594512642802085,13,olmo32b,default
3,Ethnicity,black,-0.09608605260779171,0.27542169614094647,11,olmo32b,default
4,Ethnicity,hisp,0.07807025424490162,0.2316900202084529,12,olmo32b,default
5,Ethnicity,middleEastern,0.1070110701107011,,4,olmo32b,default
6,Ethnicity,other,0.07913669064748202,,4,olmo32b,default
7,Ethnicity,white,-0.13544668587896252,0.41042064329085676,6,olmo32b,default
8,Gender,man,-0.02571041948579163,0.6056995946424161,17,olmo32b,default
9,Gender,nonBinary,0.07028184088476631,0.5635017996877627,14,olmo32b,default
10,Gender,woman,-0.08842297174111212,0.03937373632234558,9,olmo32b,default
11,Age,1) Gen. X+,-0.0020176069366582175,0.9731299826106588,124,qwen32b,default
12,Age,2) Millennial,0.18998878907444355,0.012452133189588306,131,qwen32b,default
13,Age,3) Gen. Z,0.20768224006031363,0.012452133189588306,125,qwen32b,default
14,Ethnicity,black,-0.09992840339572452,0.1353603326629676,69,qwen32b,default
15,Ethnicity,hisp,0.07766313678162867,0.31962798263689185,60,qwen32b,default
16,Ethnicity,middleEastern,0.175784513058143,0.03952172111094535,66,qwen32b,default
17,Ethnicity,other,0.054836310653087986,0.34331028939562114,65,qwen32b,default
18,Ethnicity,white,0.2267445360948883,0.022823150744606148,65,qwen32b,default
19,Gender,man,-0.025486613308627337,0.7165960683700897,140,qwen32b,default
20,Gender,nonBinary,0.04161349799279855,0.7165960683700897,120,qwen32b,default
21,Gender,woman,0.04712318165027882,0.7165960683700897,120,qwen32b,default
22,Age,1) Gen. X+,0.13057373309542644,0.0006084587462451431,202,qwen7b,default
23,Age,2) Millennial,-0.2101537315291319,5.703497099622847e-06,213,qwen7b,default
24,Age,3) Gen. Z,0.13284415141057979,0.00023958950901265753,203,qwen7b,default
25,Ethnicity,black,0.053789384047686614,0.04967258899752674,133,qwen7b,default
26,Ethnicity,hisp,0.1455465766805789,0.00026915235824769295,105,qwen7b,default
27,Ethnicity,middleEastern,0.19581324679709627,3.9749580182379856e-05,95,qwen7b,default
28,Ethnicity,other,-0.013895114298520774,0.6651478018418724,117,qwen7b,default
29,Ethnicity,white,0.1695994234580505,5.407765794216245e-06,134,qwen7b,default
30,Gender,man,0.01941666957567063,0.5487526529284306,202,qwen7b,default
31,Gender,nonBinary,-0.04141361349376742,0.5487526529284306,220,qwen7b,default
32,Gender,woman,0.023913164093433383,0.5487526529284306,198,qwen7b,default
33,Age,1) Gen. X+,-0.014654214578593006,0.14804501125374347,1647,olmo32b,stereotype
34,Age,2) Millennial,0.05173828217607111,2.3194339857698027e-06,1671,olmo32b,stereotype
35,Age,3) Gen. Z,-0.035891741641755744,0.0004110093042146354,1664,olmo32b,stereotype
36,Ethnicity,black,0.008921140621121657,0.41092023472787564,946,olmo32b,stereotype
37,Ethnicity,hisp,0.03954888563052794,0.00022135705553398807,982,olmo32b,stereotype
38,Ethnicity,middleEastern,0.06551201614070337,1.618246174262944e-09,914,olmo32b,stereotype
39,Ethnicity,other,0.04449977784171964,0.00010409664520802348,960,olmo32b,stereotype
40,Ethnicity,white,0.053820954823233506,1.7518727289841113e-06,933,olmo32b,stereotype
41,Gender,man,0.01327892851578129,0.1868134333356265,1670,olmo32b,stereotype
42,Gender,nonBinary,-0.018954606941529322,0.18271355167353073,1670,olmo32b,stereotype
43,Gender,woman,0.015370899094913168,0.18271355167353073,1652,olmo32b,stereotype
44,Age,1) Gen. X+,-0.021830511716119792,0.8110651217826396,109,qwen32b,stereotype
45,Age,2) Millennial,0.009215242842417745,0.8110651217826396,105,qwen32b,stereotype
46,Age,3) Gen. Z,0.14760114660926996,0.04364737761519585,106,qwen32b,stereotype
47,Ethnicity,black,0.11745563946705961,0.03933307334351693,57,qwen32b,stereotype
48,Ethnicity,hisp,0.09073060771873691,0.17573805328412734,53,qwen32b,stereotype
49,Ethnicity,middleEastern,0.20079712489993348,0.011191363336449963,56,qwen32b,stereotype
50,Ethnicity,other,0.1555127587867115,0.03933307334351693,61,qwen32b,stereotype
51,Ethnicity,white,0.190337939844385,0.009045340589158722,60,qwen32b,stereotype
52,Gender,man,0.012465691731176093,0.7911396541855801,101,qwen32b,stereotype
53,Gender,nonBinary,-0.06457832199753012,0.7911396541855801,105,qwen32b,stereotype
54,Gender,woman,-0.030916477262301335,0.7911396541855801,94,qwen32b,stereotype
55,Age,1) Gen. X+,-0.1449702652268118,7.203748002589492e-09,623,qwen7b,stereotype
56,Age,2) Millennial,0.1424204296988176,2.6637461677491068e-08,671,qwen7b,stereotype
57,Age,3) Gen. Z,0.05993055662747912,0.006792402795165511,624,qwen7b,stereotype
58,Ethnicity,black,0.24633353452566256,1.5094056115578402e-20,336,qwen7b,stereotype
59,Ethnicity,hisp,0.19861544182853222,3.022749803154189e-13,320,qwen7b,stereotype
60,Ethnicity,middleEastern,0.28444904292247164,6.115918415220177e-20,358,qwen7b,stereotype
61,Ethnicity,other,0.12438584802741419,1.8146443965006053e-08,345,qwen7b,stereotype
62,Ethnicity,white,-0.23004903047773917,5.796241760980583e-20,397,qwen7b,stereotype
63,Gender,man,-0.039424306300381885,0.08245631642219713,657,qwen7b,stereotype
64,Gender,nonBinary,0.042436514972745636,0.07993527234168314,640,qwen7b,stereotype
65,Gender,woman,0.04223916503459153,0.07993527234168314,623,qwen7b,stereotype
66,Age,1) Gen. X+,0.012618027752076554,0.21804339498430575,1641,olmo32b,persona
67,Age,2) Millennial,0.04936699739435542,1.3758547166335142e-05,1702,olmo32b,persona
68,Age,3) Gen. Z,-0.03282381053432938,0.003306042803648579,1642,olmo32b,persona
69,Ethnicity,black,0.023647064789583675,0.05370612500216679,919,olmo32b,persona
70,Ethnicity,hisp,0.01885940593235407,0.1024973476274291,909,olmo32b,persona
71,Ethnicity,middleEastern,-0.009077572453062503,0.4007916093004089,889,olmo32b,persona
72,Ethnicity,other,0.027247897043323286,0.03236594876467263,941,olmo32b,persona
73,Ethnicity,white,0.07627543410110658,8.461500903251062e-11,955,olmo32b,persona
74,Gender,man,0.013276839801103566,0.2978294684230842,1659,olmo32b,persona
75,Gender,nonBinary,-0.030832031188498896,0.010262108905325243,1675,olmo32b,persona
76,Gender,woman,-0.005671637216893852,0.5995524425248924,1656,olmo32b,persona
77,Age,1) Gen. X+,0.056964546540964,0.41786216949131105,51,qwen32b,persona
78,Age,2) Millennial,-0.09074089433020942,0.41786216949131105,58,qwen32b,persona
79,Age,3) Gen. Z,0.26547952634909144,0.02208567088528261,51,qwen32b,persona
80,Ethnicity,black,0.23185217773867117,0.1452222965271483,20,qwen32b,persona
81,Ethnicity,hisp,0.09847505815456173,0.3859374211467902,34,qwen32b,persona
82,Ethnicity,middleEastern,0.27620783956244294,0.01278590762016749,27,qwen32b,persona
83,Ethnicity,other,-0.0007806401249024172,0.9639457801433265,29,qwen32b,persona
84,Ethnicity,white,0.039616141732283366,0.4960830920903029,26,qwen32b,persona
85,Gender,man,-0.09613721949572913,0.5362195364628699,60,qwen32b,persona
86,Gender,nonBinary,-0.05682678657435081,0.5362195364628699,54,qwen32b,persona
87,Gender,woman,0.04507379337854008,0.5362195364628699,46,qwen32b,persona
88,Age,1) Gen. X+,-0.03523473741663388,0.4909248324803211,290,qwen7b,persona
89,Age,2) Millennial,0.019101422286144674,0.5527267829968399,283,qwen7b,persona
90,Age,3) Gen. Z,0.2399085672232359,2.0260685033635706e-08,287,qwen7b,persona
91,Ethnicity,black,0.13795911040447248,3.472041681679256e-05,144,qwen7b,persona
92,Ethnicity,hisp,0.07268514545610584,0.03238095475069328,151,qwen7b,persona
93,Ethnicity,middleEastern,0.20966644550447952,3.193434176556158e-06,157,qwen7b,persona
94,Ethnicity,other,-0.07913097873159465,0.023269090407955162,166,qwen7b,persona
95,Ethnicity,white,0.07225222184722693,0.03238095475069328,140,qwen7b,persona
96,Gender,man,-0.10094414341153767,0.012747506224594064,280,qwen7b,persona
97,Gender,nonBinary,0.04241125302158209,0.30970969984087937,292,qwen7b,persona
98,Gender,woman,0.007077290580532047,0.810840359572969,288,qwen7b,persona
99,Age,1) Gen. X+,-0.023062079883176854,0.039839997835679396,1728,olmo32b,single
100,Age,2) Millennial,0.02816293629907912,0.018398754753372996,1772,olmo32b,single
101,Age,3) Gen. Z,0.022013200710766897,0.039839997835679396,1766,olmo32b,single
102,Ethnicity,black,0.01019553043583145,0.5552812274158815,955,olmo32b,single
103,Ethnicity,hisp,0.008139952725821237,0.5552812274158815,994,olmo32b,single
104,Ethnicity,middleEastern,-0.01958114128340197,0.1475935712335858,976,olmo32b,single
105,Ethnicity,other,-0.03422384394578434,0.003210569321657532,1003,olmo32b,single
106,Ethnicity,white,0.005531059394233554,0.5864914146954631,927,olmo32b,single
107,Gender,man,-0.008303935219284363,0.6446029169906738,1723,olmo32b,single
108,Gender,nonBinary,0.0225958531526979,0.1005948185820107,1756,olmo32b,single
109,Gender,woman,-0.0034572372388387645,0.7563472240272227,1787,olmo32b,single
110,Age,1) Gen. X+,0.017420273361487045,0.6850713621141393,150,qwen32b,single
111,Age,2) Millennial,0.13134116032757545,0.017271791191193306,155,qwen32b,single
112,Age,3) Gen. Z,0.3677528740385408,8.911827608697498e-07,135,qwen32b,single
113,Ethnicity,black,-0.006274112466388512,0.9537954717066138,80,qwen32b,single
114,Ethnicity,hisp,0.10334813192568165,0.04084853543350496,91,qwen32b,single
115,Ethnicity,middleEastern,0.23724442118640887,8.433257871912002e-05,78,qwen32b,single
116,Ethnicity,other,0.014947870870493509,0.9323090329977931,82,qwen32b,single
117,Ethnicity,white,0.07575196912829729,0.2602836867208104,75,qwen32b,single
118,Gender,man,0.046023390615078937,0.404963108158059,148,qwen32b,single
119,Gender,nonBinary,-0.048179751136874595,0.404963108158059,154,qwen32b,single
120,Gender,woman,-0.07787359044821386,0.38666131739246035,138,qwen32b,single
121,Age,1) Gen. X+,-0.0027659162322511846,0.9213189191930425,673,qwen7b,single
122,Age,2) Millennial,0.09952070186067856,7.598798638757438e-05,708,qwen7b,single
123,Age,3) Gen. Z,0.15181400650287152,2.9643530972555388e-08,717,qwen7b,single
124,Ethnicity,black,0.1598939906664579,7.989430651460934e-10,413,qwen7b,single
125,Ethnicity,hisp,0.11449649358340508,2.6504031305491677e-06,388,qwen7b,single
126,Ethnicity,middleEastern,0.04596772584924094,0.02195681689690651,391,qwen7b,single
127,Ethnicity,other,0.12442571427817462,2.2143560257278074e-07,401,qwen7b,single
128,Ethnicity,white,0.10422296117626202,1.280509368301514e-05,354,qwen7b,single
129,Gender,man,0.04315435114747716,0.18503815926441214,691,qwen7b,single
130,Gender,nonBinary,-0.026031899570850284,0.4495727194317587,705,qwen7b,single
131,Gender,woman,-0.0038395295568788516,0.8894199517321749,724,qwen7b,single
132,Age,1) Gen. X+,0.01504634256620531,0.20417422662408297,1479,olmo32b,direct
133,Age,2) Millennial,0.015476007816221096,0.20417422662408297,1533,olmo32b,direct
134,Age,3) Gen. Z,-0.016372483818327895,0.20417422662408297,1488,olmo32b,direct
135,Ethnicity,black,-0.002012942335942871,0.8778741724066953,806,olmo32b,direct
136,Ethnicity,hisp,0.023146182890591813,0.08988853509674152,846,olmo32b,direct
137,Ethnicity,middleEastern,0.045063545250595326,0.0027678732503969863,833,olmo32b,direct
138,Ethnicity,other,-0.020352636712872633,0.14204378238114704,848,olmo32b,direct
139,Ethnicity,white,0.03139069950165675,0.02572735516325602,804,olmo32b,direct
140,Gender,man,-0.010515706488341407,0.3817532477494122,1494,olmo32b,direct
141,Gender,nonBinary,0.04128265721561655,0.0013694386537556021,1505,olmo32b,direct
142,Gender,woman,-0.03799087686313365,0.002908833581553428,1488,olmo32b,direct
143,Age,1) Gen. X+,0.03895065656046056,0.4611928943689644,111,qwen32b,direct
144,Age,2) Millennial,-0.1038343942953003,0.14033172718294715,113,qwen32b,direct
145,Age,3) Gen. Z,0.18050441366950257,0.013156829193550056,96,qwen32b,direct
146,Ethnicity,black,0.041166106038763445,0.30191190271439367,49,qwen32b,direct
147,Ethnicity,hisp,0.19307227963717957,0.009406528150461326,60,qwen32b,direct
148,Ethnicity,middleEastern,0.12253954993995726,0.060915697017798545,58,qwen32b,direct
149,Ethnicity,other,0.26116501973352313,0.000766274675426701,62,qwen32b,direct
150,Ethnicity,white,0.15502616856163157,0.018122479878270287,63,qwen32b,direct
151,Gender,man,0.012293548880482744,0.8004035871127326,116,qwen32b,direct
152,Gender,nonBinary,-0.11822365997518747,0.19169696154147106,87,qwen32b,direct
153,Gender,woman,0.08335034169206196,0.2408723603108472,97,qwen32b,direct
154,Age,1) Gen. X+,0.1544600370864469,1.1415921123574496e-08,749,qwen7b,direct
155,Age,2) Millennial,0.07069028543373304,0.0020645550914576358,770,qwen7b,direct
156,Age,3) Gen. Z,0.13593226369059555,1.3842354773501742e-08,757,qwen7b,direct
157,Ethnicity,black,0.02442262002096944,0.32731099829232985,413,qwen7b,direct
158,Ethnicity,hisp,0.04390234554652761,0.07755041664340519,425,qwen7b,direct
159,Ethnicity,middleEastern,-0.0033634960889014597,0.8884420940565705,387,qwen7b,direct
160,Ethnicity,other,0.04534976911987659,0.07755041664340519,416,qwen7b,direct
161,Ethnicity,white,-0.04133578579846459,0.07755041664340519,461,qwen7b,direct
162,Gender,man,-0.0016647267579724995,0.9625979779688484,763,qwen7b,direct
163,Gender,nonBinary,-0.02223368238648054,0.6664847149959017,747,qwen7b,direct
164,Gender,woman,-0.01828895894887991,0.6664847149959017,770,qwen7b,direct
