sample_size,iteration,level,apunim,support
6,0,Man,-0.07692554711709841,586
6,0,Woman,0.1077700264613904,450
6,1,Man,-0.11276961927586825,583
6,1,Woman,0.1682182847827019,414
6,2,Woman,0.11729452054794512,420
6,2,Man,-0.07334669338677353,580
6,3,Man,-0.07184726176519851,604
6,3,Woman,0.11615098007451814,392
6,4,Woman,0.11487088156723065,430
6,4,Man,-0.06936509938906801,562
6,5,Man,-0.07377356135313941,632
6,5,Woman,0.10885947691723127,427
6,6,Man,-0.07250464236348668,671
6,6,Woman,0.14070607386305828,425
6,7,Woman,0.10557382406405112,430
6,7,Man,-0.06743719998135804,626
6,8,Man,-0.06985454772457714,701
6,8,Woman,0.10471949031978732,421
6,9,Man,-0.0912276425241475,603
6,9,Woman,0.12127045235803649,492
7,0,Woman,0.10714018877792436,718
7,0,Man,-0.09610748992011761,869
7,1,Woman,0.09969702092246067,681
7,1,Man,-0.09503821576243578,928
7,2,Man,-0.10196196800482947,760
7,2,Woman,0.13194152292806055,689
7,3,Man,-0.09637395889204863,958
7,3,Woman,0.12177854741774471,726
7,4,Man,-0.11913393756294051,935
7,4,Woman,0.14518232093880667,828
7,5,Man,-0.08462457870764198,915
7,5,Woman,0.09995716886176245,649
7,6,Woman,0.09870435806831569,746
7,6,Man,-0.08372589390623823,870
7,7,Woman,0.1427795874049945,731
7,7,Man,-0.13600339654684407,820
7,8,Man,-0.08435493870367783,962
7,8,Woman,0.14015743993435725,702
7,9,Man,-0.07697797322840723,993
7,9,Woman,0.10791660063839902,782
8,0,Man,-0.10105320501180312,1092
8,0,Woman,0.10694582334108237,971
8,1,Woman,0.13254826953465135,1048
8,1,Man,-0.09594781026616124,1205
8,2,Woman,0.12369657818587416,982
8,2,Man,-0.1271961281886408,1062
8,3,Man,-0.10862846586926136,1103
8,3,Woman,0.1108686991330082,997
8,4,Man,-0.08448480225084994,1179
8,4,Woman,0.09946223406384685,1083
8,5,Woman,0.09397772549331704,1083
8,5,Man,-0.1080144451194204,1212
8,6,Woman,0.11860076752081927,965
8,6,Man,-0.10953313541586315,1148
8,7,Man,-0.11450888856834386,1109
8,7,Woman,0.1164359144071838,1075
8,8,Man,-0.15345459832226574,1257
8,8,Woman,0.1485420064272828,1066
8,9,Woman,0.08601664495200616,898
8,9,Man,-0.0684694058926789,1144
9,0,Woman,0.12290696354145307,1421
9,0,Man,-0.12623925674728922,1549
9,1,Woman,0.07785062621298343,1358
9,1,Man,-0.08916342792532682,1364
9,2,Man,-0.14835554095710554,1460
9,2,Woman,0.12953172743424213,1340
9,3,Woman,0.10258878025688278,1326
9,3,Man,-0.12803894470547533,1406
9,4,Woman,0.11206050824393175,1260
9,4,Man,-0.10987047073926814,1375
9,5,Woman,0.09400679950198942,1140
9,5,Man,-0.11609002010728951,1240
9,6,Man,-0.09656002908202631,1412
9,6,Woman,0.07719433426368624,1285
9,7,Man,-0.10164108703550853,1393
9,7,Woman,0.10058777923778593,1278
9,8,Man,-0.12449939252126176,1516
9,8,Woman,0.10809441278813728,1355
9,9,Man,-0.1315277360640832,1469
9,9,Woman,0.11281944972301874,1428
10,0,Man,-0.09050171668801431,1704
10,0,Woman,0.10248764234527646,1632
10,1,Man,-0.10387229885091401,1838
10,1,Woman,0.0969362083993768,1762
10,1,Non-binary,0.26582278481012656,3
10,2,Man,-0.11269598999954565,1767
10,2,Woman,0.1020397334586644,1627
10,3,Man,-0.10406152264375595,1676
10,3,Woman,0.10244153778693205,1631
10,3,Non-binary,0.6666666666666667,3
10,4,Man,-0.11720966468349338,1665
10,4,Woman,0.09901636172785788,1540
10,5,Woman,0.11741012843209601,1707
10,5,Man,-0.10044043728989105,1862
10,6,Woman,0.10385014628295344,1662
10,6,Man,-0.11921968458163862,1605
10,7,Woman,0.10521014794374124,1666
10,7,Man,-0.11382691429804936,1762
10,8,Man,-0.09770886031358941,1752
10,8,Woman,0.08893658915380367,1690
10,9,Woman,0.10666874112720943,1584
10,9,Man,-0.12122160925234025,1606
11,0,Man,-0.09741115745144001,1938
11,0,Woman,0.07242764153916383,2010
11,1,Woman,0.1002464536924809,1926
11,1,Man,-0.11134160930539175,2017
11,2,Man,-0.09339377622972829,2031
11,2,Woman,0.08883992519945608,1989
11,2,Other,0.5384615384615384,3
11,3,Woman,0.08900307066260607,1968
11,3,Man,-0.09092895457238061,2015
11,4,Woman,0.0954221972728754,2077
11,4,Man,-0.10440101550360478,2155
11,5,Woman,0.08646936088171533,1994
11,5,Man,-0.10602740640864589,2002
11,6,Man,-0.12044854410565145,1967
11,6,Woman,0.09366589118668295,2007
11,7,Man,-0.08375128040264138,2026
11,7,Woman,0.07214766933615305,1921
11,8,Man,-0.11158606972937295,1900
11,8,Woman,0.09812659589522837,1939
11,9,Man,-0.08590194852193365,2087
11,9,Woman,0.08171744554258346,2039
12,0,Woman,0.08092633058533406,2352
12,0,Man,-0.09663453279458073,2236
12,1,Man,-0.10075823331698014,2313
12,1,Woman,0.09965372545127803,2333
12,2,Woman,0.07889179057245678,2237
12,2,Man,-0.08154366017417013,2280
12,3,Woman,0.09848019132468853,2238
12,3,Man,-0.10473020671872776,2282
12,3,Non-binary,0.44927536231884063,6
12,4,Woman,0.08909207262830904,2134
12,4,Man,-0.08868403207070208,2242
12,5,Woman,0.08145521594657334,2354
12,5,Man,-0.10357501197813,2365
12,6,Woman,0.07610411220985318,2456
12,6,Man,-0.08457533361106082,2394
12,7,Man,-0.11150746435307417,2236
12,7,Woman,0.09153742802726592,2191
12,7,Other,0.12994350282485873,3
12,8,Woman,0.07939277586204249,2291
12,8,Man,-0.10358765432048364,2284
12,9,Man,-0.08088857251733667,2297
12,9,Woman,0.07028717129507606,2336
13,0,Woman,0.08222928578653675,2670
13,0,Man,-0.11203085343081809,2655
13,1,Woman,0.07412408462046445,2598
13,1,Man,-0.0966118424111612,2509
13,2,Woman,0.09125659498397001,2699
13,2,Man,-0.09259132394834436,2713
13,3,Woman,0.09449233504362636,2732
13,3,Man,-0.11254889178390011,2745
13,4,Man,-0.0999031724728912,2645
13,4,Woman,0.10288039643098919,2547
13,5,Woman,0.07963804178776741,2620
13,5,Man,-0.0972030868552658,2446
13,6,Man,-0.09689984786917281,2514
13,6,Woman,0.08379107420181321,2373
13,7,Woman,0.09209504853844848,2664
13,7,Man,-0.10317047204710836,2553
13,8,Woman,0.08659943488857072,2682
13,8,Man,-0.113363367877494,2564
13,9,Man,-0.0957803910300765,2645
13,9,Woman,0.08295483802517559,2581
14,0,Woman,0.07278282200934494,3062
14,0,Man,-0.08608395452128283,3107
14,1,Man,-0.08341511813620404,2911
14,1,Woman,0.07284246407870391,2739
14,1,Non-binary,0.639344262295082,3
14,2,Man,-0.09452177159380164,2806
14,2,Woman,0.07499538579979187,2854
14,3,Woman,0.0778174128058047,2861
14,3,Man,-0.09426428631134276,2930
14,4,Man,-0.08968748552242556,2865
14,4,Woman,0.07895462075249472,2866
14,4,Other,0.2345679012345679,3
14,5,Man,-0.0949008555961274,2947
14,5,Woman,0.07676706195663936,2902
14,5,Other,0.13636363636363635,3
14,6,Woman,0.07434444349672092,2842
14,6,Man,-0.08770478701606504,2936
14,7,Woman,0.09143662981768996,2966
14,7,Man,-0.09790463362761084,3014
14,8,Man,-0.07794570418025734,2819
14,8,Woman,0.0656103455966577,2839
14,8,Non-binary,0.2345679012345679,3
14,9,Woman,0.06435576837544216,2813
14,9,Man,-0.09042130532906546,2720
15,0,Woman,0.06962715430851682,3026
15,0,Man,-0.08837707740723282,3028
15,1,Man,-0.08686340090734061,3136
15,1,Woman,0.07292595337383934,3167
15,2,Man,-0.08839778451526632,3087
15,2,Woman,0.06832999626400428,3170
15,2,Other,0.1904761904761905,3
15,3,Woman,0.06946426908356622,3131
15,3,Man,-0.08937835792724177,3061
15,4,Woman,0.0719377740263914,3246
15,4,Man,-0.08494564485110741,3224
15,5,Woman,0.07683790146029335,3395
15,5,Man,-0.10243733481676051,3176
15,6,Woman,0.08095681080411923,3212
15,6,Man,-0.09100880270976644,3218
15,7,Woman,0.07246447447901365,3185
15,7,Man,-0.08922123664634478,3188
15,8,Woman,0.08208649022392726,3152
15,8,Man,-0.0903249750072985,3057
15,9,Man,-0.08934642432987305,3098
15,9,Woman,0.08206768673600195,3044
16,0,Woman,0.07527220311097824,3570
16,0,Man,-0.09748116631748244,3587
16,1,Woman,0.08309159154798437,3597
16,1,Man,-0.09072930004649926,3563
16,1,Non-binary,0.639344262295082,3
16,2,Woman,0.0694189153319017,3490
16,2,Man,-0.08744150762451124,3378
16,2,Non-binary,0.38888888888888895,3
16,3,Man,-0.08538697874052387,3314
16,3,Woman,0.07706194934870127,3339
16,4,Other,0.11731843575418992,3
16,4,Woman,0.0878414243181181,3502
16,4,Man,-0.0895025506949513,3527
16,5,Man,-0.0824218115104325,3536
16,5,Woman,0.06891207087198203,3679
16,6,Man,-0.08373875841620843,3545
16,6,Woman,0.07666214400290862,3579
16,6,Other,0.15606936416184966,3
16,6,Non-binary,0.5267175572519084,3
16,7,Woman,0.0716281456816279,3813
16,7,Man,-0.09838353965421752,3570
16,8,Woman,0.06510306866130827,3589
16,8,Man,-0.09212596324351745,3564
16,9,Woman,0.06965054576932488,3802
16,9,Man,-0.08139158985539004,3706
17,0,Man,-0.08607216547430539,3930
17,0,Woman,0.06221434518479152,4126
17,1,Man,-0.07760720027477033,3937
17,1,Woman,0.0691881492346536,4034
17,1,Other,0.4084507042253521,3
17,2,Woman,0.06805925873852531,3936
17,2,Man,-0.08086869526942271,3821
17,2,Other,0.25,3
17,3,Woman,0.0571256611782832,3774
17,3,Man,-0.06360130817339266,3687
17,4,Woman,0.07283626987534828,4014
17,4,Man,-0.07741148363639933,3930
17,5,Woman,0.06762110075484304,3703
17,5,Man,-0.0772940068196974,3703
17,6,Woman,0.06017384220184116,3766
17,6,Man,-0.07116783726196643,3876
17,7,Man,-0.06818360657422981,3777
17,7,Woman,0.059259945850999314,3845
17,8,Man,-0.07305460984104042,3986
17,8,Woman,0.062153314614012384,4021
17,8,Other,0.11731843575418992,3
17,9,Man,-0.07259142140777645,4018
17,9,Woman,0.06780658156880215,3989
18,0,Man,-0.08861889631632522,4296
18,0,Woman,0.06897796107557977,4407
18,1,Man,-0.08331487677622934,4035
18,1,Woman,0.07219967028337476,4181
18,2,Man,-0.07050870862064278,4336
18,2,Woman,0.061309328309526796,4458
18,3,Man,-0.08559084762822916,4294
18,3,Woman,0.07766087249180785,4222
18,4,Man,-0.08266186384514321,4306
18,4,Woman,0.06531354476196476,4488
18,5,Man,-0.07567760294039155,4088
18,5,Woman,0.06935790433948018,4030
18,5,Other,0.21212121212121213,3
18,6,Woman,0.07036566641556889,4268
18,6,Man,-0.08548794106585095,4225
18,7,Woman,0.06777315266120708,4327
18,7,Man,-0.08401395986880915,4171
18,8,Man,-0.08105870909938814,4134
18,8,Woman,0.06957282915816336,4203
18,9,Man,-0.06519901301737525,3796
18,9,Woman,0.04470819178511908,4030
18,9,Other,0.3029315960912052,6
18,9,Non-binary,0.3407821229050279,7
19,0,Woman,0.06192184293812377,4766
19,0,Man,-0.07919240564702343,4613
19,0,Other,0.03092783505154639,3
19,1,Woman,0.063133010750405,4416
19,1,Man,-0.08271777740667517,4477
19,2,Man,-0.08640556688926636,4592
19,2,Woman,0.06693568206885271,4690
19,2,Other,0.2345679012345679,3
19,3,Man,-0.06869959530218267,4483
19,3,Woman,0.04986667799790293,4579
19,4,Woman,0.0702786458562651,4546
19,4,Man,-0.08425669283314263,4413
19,5,Man,-0.08656218401337828,4507
19,5,Woman,0.06786028854510792,4743
19,6,Man,-0.07871276043034825,4379
19,6,Woman,0.06185662160096947,4525
19,7,Woman,0.06349534912977282,4537
19,7,Man,-0.07759441488413685,4405
19,8,Woman,0.07041653652685007,4441
19,8,Man,-0.07104950358803294,4413
19,9,Woman,0.0644516680015996,4734
19,9,Man,-0.09270697157760342,4559
20,0,Man,-0.07929890508049882,5175
20,0,Woman,0.05957518741575214,5293
20,1,Woman,0.052840291451677936,4875
20,1,Man,-0.06479980939797647,4739
20,2,Man,-0.07132021312981607,4723
20,2,Woman,0.05789166442663325,4673
20,3,Woman,0.056140077539328356,5030
20,3,Man,-0.06237494064949634,4808
20,4,Woman,0.06363037478552042,5010
20,4,Man,-0.08408681390440767,4728
20,5,Man,-0.07553694540010777,4700
20,5,Woman,0.056985833075306525,4831
20,5,Other,0.26582278481012656,3
20,6,Man,-0.08089615730845132,5012
20,6,Woman,0.05735333447569113,5132
20,6,Non-binary,0.18343195266272186,3
20,7,Woman,0.04576264823882484,5260
20,7,Man,-0.06263865033804945,4957
20,8,Man,-0.08288891439490546,4781
20,8,Woman,0.06622839726313526,4986
20,8,Non-binary,0.08108108108108106,3
20,9,Woman,0.0605385159628617,5155
20,9,Man,-0.0831627605469999,5159
20,9,Other,0.17647058823529413,3
21,0,Man,-0.07343713007767848,5293
21,0,Woman,0.05735938953011785,5679
21,0,Other,0.11731843575418992,3
21,1,Man,-0.07517319331557579,5329
21,1,Woman,0.05373837230183229,5517
21,1,Non-binary,0.09289617486338796,3
21,2,Man,-0.07593792237667601,5197
21,2,Woman,0.06111184349015648,5342
21,3,Woman,0.06031792035298859,5206
21,3,Man,-0.0733971325672212,5105
21,3,Non-binary,0.0695187165775401,3
21,4,Man,-0.08453248977725526,5114
21,4,Woman,0.06205554429298189,5312
21,4,Other,0.22699386503067487,3
21,4,Non-binary,0.05263157894736841,3
21,5,Woman,0.06316429609391941,5126
21,5,Man,-0.07394925850343083,5222
21,6,Woman,0.05955295375682364,5183
21,6,Man,-0.06600603527553184,5165
21,7,Woman,0.06819255123218877,5126
21,7,Man,-0.07861515157483968,4916
21,8,Man,-0.07207235453187796,5220
21,8,Woman,0.053365967437286534,5458
21,9,Man,-0.06104920801304416,5122
21,9,Woman,0.048039587547925595,5120
21,9,Non-binary,0.2345679012345679,3
22,0,Woman,0.057299710557554985,5781
22,0,Man,-0.07206345538765399,5678
22,1,Woman,0.04802575555229837,5638
22,1,Man,-0.060455769005296985,5359
22,1,Non-binary,0.4705882352941177,3
22,2,Woman,0.05530627052265311,5813
22,2,Man,-0.06596089580969802,5872
22,3,Man,-0.07329216094318698,5415
22,3,Woman,0.05787378372114353,5617
22,3,Other,0.11111111111111108,3
22,4,Man,-0.07026450540923403,5508
22,4,Woman,0.060261044204916674,5460
22,4,Other,0.2903225806451613,3
22,5,Woman,0.045157308789885005,5472
22,5,Man,-0.06394063177320622,5387
22,5,Other,0.2084592145015106,6
22,6,Woman,0.06363502742847972,5882
22,6,Man,-0.07992811698365332,5778
22,6,Non-binary,0.25,12
22,7,Man,-0.06431540744262568,5872
22,7,Woman,0.04917727958187624,6084
22,7,Non-binary,0.11111111111111108,3
22,7,Other,0.07526881720430106,3
22,8,Man,-0.07285399618657862,5366
22,8,Woman,0.05495915266922886,5642
22,8,Other,0.10192837465564739,12
22,9,Woman,0.0460008613207735,5651
22,9,Man,-0.0674447311117193,5325
22,9,Non-binary,0.12994350282485875,3
22,9,Other,0.2903225806451613,3
23,0,Man,-0.07732755304356989,5944
23,0,Woman,0.05673179782966734,6152
23,1,Woman,0.048087304293617024,6090
23,1,Man,-0.05694116993612431,6159
23,2,Man,-0.07150247213015204,5442
23,2,Woman,0.05909939486438932,5652
23,3,Woman,0.05343234553331223,6327
23,3,Man,-0.06681969989364617,6246
23,4,Woman,0.0600853000607497,6196
23,4,Man,-0.07671758807995031,5902
23,5,Man,-0.06058009204716926,5700
23,5,Woman,0.04862450863380112,5900
23,5,Non-binary,0.06382978723404253,3
23,6,Man,-0.07038491221279078,5779
23,6,Woman,0.061641758855492154,5890
23,6,Other,0.25,3
23,7,Man,-0.06156563016239917,5790
23,7,Woman,0.048006116217802916,5948
23,7,Other,0.5267175572519084,3
23,8,Woman,0.06295065517744709,5856
23,8,Man,-0.07382730711959141,5745
23,8,Non-binary,0.48148148148148145,3
23,9,Man,-0.07209601179295125,5887
23,9,Woman,0.04688400145393701,6120
24,0,Man,-0.0697121770739684,6296
24,0,Woman,0.05152911232581284,6420
24,0,Other,0.11940298507462685,9
24,1,Man,-0.08250646126154114,6219
24,1,Woman,0.058622739232426474,6526
24,1,Non-binary,0.24999999999999994,3
24,2,Woman,0.048818986373968545,6256
24,2,Man,-0.06018252877791087,6139
24,2,Other,0.08695652173913042,6
24,2,Non-binary,0.1560693641618497,6
24,3,Man,-0.07082576766355059,5975
24,3,Woman,0.05404608895882614,6238
24,3,Non-binary,0.4705882352941177,3
24,4,Woman,0.05590188325885289,6281
24,4,Man,-0.06930251355234464,6185
24,4,Non-binary,0.06382978723404253,3
24,5,Man,-0.08691734132574924,6483
24,5,Woman,0.06609648852473553,6689
24,6,Woman,0.05752962956907216,6394
24,6,Man,-0.06763130899130537,6247
24,6,Other,0.0948905109489051,9
24,7,Woman,0.0523752261407067,6384
24,7,Man,-0.06407806594738595,6438
24,7,Other,0.13636363636363635,3
24,8,Man,-0.0663764430596937,5953
24,8,Woman,0.048302963001498306,6167
24,8,Other,0.3157894736842105,3
24,9,Man,-0.06578537925079886,6297
24,9,Woman,0.05507256139520922,6377
24,9,Other,0.16504854368932037,9
24,9,Non-binary,0.08108108108108106,3
25,0,Man,-0.06047914939960483,6685
25,0,Woman,0.05233977619760687,6814
25,0,Other,0.20481927710843376,3
25,0,Non-binary,0.05263157894736841,3
25,1,Woman,0.054992393577970956,6584
25,1,Man,-0.06460296045467066,6433
25,1,Non-binary,0.34680134680134683,6
25,2,Man,-0.06948599107292751,6658
25,2,Woman,0.05258519547504589,6985
25,2,Other,0.0695187165775401,3
25,3,Woman,0.04538089479763387,6493
25,3,Man,-0.05572216459021605,6244
25,3,Other,0.12359550561797752,3
25,4,Man,-0.06444771676256401,6596
25,4,Woman,0.05045262494642672,6850
25,5,Man,-0.06948058088196712,6422
25,5,Woman,0.05573263190738801,6778
25,5,Non-binary,0.15606936416184972,3
25,6,Woman,0.05060183246542086,6842
25,6,Man,-0.06892090272247972,6601
25,6,Other,0.10497237569060772,3
25,6,Non-binary,0.14285714285714285,3
25,7,Woman,0.05508108162187079,6804
25,7,Man,-0.0721541903457221,6380
25,7,Non-binary,0.10803324099722993,6
25,7,Other,0.2903225806451613,3
25,8,Woman,0.05558723769675369,6654
25,8,Man,-0.06638285816305545,6566
25,9,Man,-0.06185919783101429,6582
25,9,Woman,0.043658806712989384,6756
25,9,Other,0.4705882352941177,3
26,0,Woman,0.04304001438695673,7187
26,0,Man,-0.05091048727319904,6869
26,0,Other,0.17647058823529413,3
26,0,Non-binary,0.0989010989010989,3
26,1,Woman,0.053400440912580734,7110
26,1,Man,-0.06528195287638466,6814
26,1,Other,0.1904761904761905,3
26,1,Non-binary,0.171875,9
26,2,Man,-0.06463431222913939,6937
26,2,Woman,0.050690342029501484,7127
26,3,Woman,0.047373052059027865,7145
26,3,Man,-0.06570641309042247,6803
26,3,Other,0.2618296529968454,6
26,3,Non-binary,0.28205128205128205,3
26,4,Woman,0.04524852774877575,7318
26,4,Man,-0.06404866747616064,6941
26,4,Non-binary,0.4184397163120567,3
26,5,Woman,0.04906323779663814,6860
26,5,Man,-0.06079825727024592,6828
26,5,Other,0.07238605898123325,7
26,6,Man,-0.06497538387405183,6708
26,6,Woman,0.046586749277440914,7210
26,6,Other,0.08695652173913042,3
26,7,Woman,0.05004844880893267,7136
26,7,Man,-0.06333991161228929,6885
26,7,Other,0.17302052785923752,6
26,7,Non-binary,0.07526881720430106,6
26,8,Woman,0.052776014428323914,7167
26,8,Man,-0.06527363496815133,7015
26,8,Non-binary,0.3254786450662739,10
26,9,Woman,0.04370796482382409,7295
26,9,Man,-0.06127413119575269,6860
26,9,Other,0.23839009287925697,6
27,0,Woman,0.043926577301502547,7538
27,0,Man,-0.057628333398876276,7454
27,0,Non-binary,0.06382978723404253,6
27,1,Woman,0.04607736736517896,7693
27,1,Man,-0.05751238945332288,7543
27,1,Other,0.08991825613079019,6
27,2,Man,-0.061782056865317944,7109
27,2,Woman,0.05080394018418343,7432
27,2,Non-binary,0.39860139860139854,3
27,3,Woman,0.04957367305251411,7469
27,3,Man,-0.0670492098634941,7335
27,3,Other,0.1611030478955007,12
27,4,Man,-0.061461245237739236,6795
27,4,Woman,0.04381944620640432,7096
27,4,Non-binary,0.11524163568773234,9
27,5,Woman,0.049330888639055485,7440
27,5,Man,-0.06725306279105484,7218
27,6,Woman,0.047915819014159665,7519
27,6,Man,-0.05952899828811523,7416
27,6,Other,0.041666666666666664,3
27,7,Man,-0.06826626934502099,7261
27,7,Woman,0.05667874674740928,7601
27,7,Other,0.13314447592067988,6
27,7,Non-binary,0.15606936416184972,6
27,8,Woman,0.05276885757385676,7724
27,8,Man,-0.0709581218377593,7440
27,8,Non-binary,0.1013215859030837,15
27,8,Other,0.0707911957168352,10
27,9,Woman,0.05205026627165973,7371
27,9,Man,-0.06473494031090372,7162
27,9,Other,0.14942528735632185,9
27,9,Non-binary,0.11420612813370472,12
28,0,Woman,0.05348842572763397,7825
28,0,Man,-0.06231978183961898,7830
28,0,Other,0.21580547112462004,6
28,1,Man,-0.06437441205139303,7257
28,1,Woman,0.047000764435817695,7660
28,1,Non-binary,0.10497237569060772,3
28,1,Other,0.13851992409867167,9
28,2,Man,-0.06792028877218194,7712
28,2,Woman,0.05451479285519265,7979
28,2,Other,0.17302052785923752,6
28,3,Man,-0.0611735866652655,7747
28,3,Woman,0.05098830296993816,7805
28,3,Non-binary,0.28205128205128205,6
28,3,Other,0.2345679012345679,3
28,4,Man,-0.05533985344165373,7573
28,4,Other,0.05263157894736841,3
28,4,Woman,0.04571165164530401,7790
28,5,Man,-0.06354564129446676,7827
28,5,Woman,0.05553625797047674,7905
28,5,Non-binary,0.3289036544850499,7
28,5,Other,0.04712041884816753,3
28,6,Man,-0.061399069397312205,7459
28,6,Woman,0.0466576277811416,7835
28,6,Other,0.25,3
28,6,Non-binary,0.15830115830115823,4
28,7,Woman,0.04380484923285836,8326
28,7,Man,-0.05460605162330919,8041
28,7,Non-binary,0.04712041884816753,3
28,7,Other,0.29032258064516125,6
28,8,Man,-0.05313045337530005,7874
28,8,Woman,0.044345370933546555,8277
28,9,Man,-0.07840343051038262,7335
28,9,Woman,0.05465985326361768,7654
28,9,Non-binary,0.06382978723404253,3
28,9,Other,0.06477373558118898,7
29,0,Woman,0.04924812915891946,8363
29,0,Man,-0.06529527876891263,8045
29,0,Other,0.1627906976744186,4
29,1,Man,-0.06620503731749615,8025
29,1,Woman,0.05624241254169344,8227
29,1,Non-binary,0.12359550561797752,6
29,1,Other,0.12994350282485875,3
29,2,Woman,0.04895183137865934,8630
29,2,Man,-0.06602063567536406,8301
29,2,Non-binary,0.05820105820105819,6
29,3,Woman,0.049580443115091834,8347
29,3,Man,-0.06530137292930116,8091
29,3,Non-binary,0.11731843575418993,3
29,4,Man,-0.07145678471252594,8019
29,4,Woman,0.05268509845303961,8282
29,4,Other,0.11731843575418996,7
29,5,Man,-0.06005657693950202,8100
29,5,Woman,0.04502277917558428,8599
29,5,Other,0.12994350282485875,3
29,5,Non-binary,0.1695906432748538,3
29,6,Man,-0.05577756887345454,8301
29,6,Woman,0.04432970158931938,8520
29,6,Non-binary,0.26984126984126977,6
29,7,Woman,0.051019534062044535,8336
29,7,Man,-0.06470272121744944,8158
29,7,Other,0.1976047904191617,3
29,7,Non-binary,0.06382978723404253,3
29,8,Man,-0.055716738303391904,8074
29,8,Woman,0.04419123388330712,8454
29,8,Other,0.1527377521613833,6
29,9,Woman,0.05017845825827768,8197
29,9,Man,-0.06688739858823069,7919
29,9,Non-binary,0.12994350282485873,3
30,0,Woman,0.037003137214396915,9163
30,0,Man,-0.05766392074782378,8786
30,0,Other,0.26582278481012656,3
30,1,Man,-0.06579855207638506,8576
30,1,Woman,0.046299744751225315,8764
30,1,Other,0.10701107011070111,9
30,2,Woman,0.04652827826905259,8414
30,2,Man,-0.06031024402388646,8559
30,2,Other,0.20967741935483866,8
30,3,Man,-0.061288381340738975,8222
30,3,Woman,0.05041788152238988,8500
30,3,Other,0.11731843575418992,6
30,3,Non-binary,0.06382978723404253,3
30,4,Woman,0.05079729728035983,8359
30,4,Man,-0.06636578997824637,8236
30,4,Non-binary,0.12359550561797752,3
30,4,Other,0.08695652173913043,3
30,5,Man,-0.06932426724466169,7952
30,5,Woman,0.05742353693261721,8196
30,5,Non-binary,0.36986301369863017,3
30,5,Other,0.12640801001251564,10
30,6,Woman,0.04153254998831431,8402
30,6,Man,-0.055337371906477154,8321
30,6,Other,0.1450381679389313,9
30,6,Non-binary,0.24223602484472045,9
30,7,Woman,0.05326923174617772,8713
30,7,Man,-0.06961776868218465,8506
30,7,Other,0.12044817927170869,6
30,7,Non-binary,0.19521912350597606,7
30,8,Man,-0.062235781809135825,8148
30,8,Woman,0.052875306607690756,8547
30,8,Other,0.08991825613079019,6
30,9,Woman,0.050812892553310215,8777
30,9,Man,-0.06519500704719818,8528
30,9,Non-binary,0.38888888888888895,6
31,0,Woman,0.042716420392388654,8735
31,0,Man,-0.05671145521003235,8576
31,0,Non-binary,0.32450331125827814,3
31,0,Other,0.23456790123456786,9
31,1,Woman,0.048168285159102514,9479
31,1,Man,-0.0627975320275134,8924
31,1,Other,0.06666666666666665,6
31,1,Non-binary,0.05355575065847234,7
31,2,Woman,0.04635365544237118,8923
31,2,Man,-0.05922475604615301,8714
31,2,Non-binary,0.5151515151515152,3
31,3,Man,-0.055168346206923645,8694
31,3,Woman,0.03914787771368071,8989
31,3,Non-binary,0.04712041884816753,3
31,3,Other,0.09289617486338796,3
31,4,Woman,0.0549181567900597,9001
31,4,Man,-0.07172037425197698,8627
31,5,Woman,0.03586595925919759,8950
31,5,Man,-0.04991213136899104,8746
31,5,Non-binary,0.22950819672131145,7
31,5,Other,0.04712041884816753,3
31,6,Woman,0.05572893249312653,8881
31,6,Man,-0.07065996862947305,8795
31,6,Non-binary,0.1799410029498525,6
31,7,Man,-0.06702129192532497,8449
31,7,Woman,0.04769680427605322,8926
31,7,Other,0.10497237569060773,3
31,7,Non-binary,0.08108108108108107,3
31,8,Woman,0.050816606893186386,9148
31,8,Man,-0.06504816468742938,8711
31,8,Non-binary,0.14777618364418935,13
31,8,Other,0.12994350282485873,3
31,9,Man,-0.06005274139901625,8728
31,9,Woman,0.04543611726287223,9023
31,9,Non-binary,0.03626943005181347,3
32,0,Woman,0.04574162230807372,9486
32,0,Man,-0.054784569661422186,9193
32,0,Non-binary,0.12781954887218044,13
32,1,Man,-0.06746072380052118,9140
32,1,Woman,0.047547672761090544,9494
32,1,Other,0.2048192771084337,6
32,1,Non-binary,0.21212121212121213,6
32,2,Man,-0.06042017035107741,8962
32,2,Woman,0.04358085452014981,9347
32,2,Other,0.12994350282485873,3
32,3,Woman,0.05243020037062264,9352
32,3,Man,-0.06976896123197533,9142
32,3,Other,0.2596221133659901,10
32,3,Non-binary,0.05263157894736841,3
32,4,Woman,0.04435854108160565,9129
32,4,Man,-0.056838098827375685,9131
32,4,Other,0.14942528735632185,6
32,4,Non-binary,0.15273775216138324,7
32,5,Woman,0.0431117894585645,9334
32,5,Man,-0.06229075831780892,8843
32,5,Non-binary,0.33928571428571425,4
32,5,Other,0.21293800539083557,10
32,6,Woman,0.047367347136157756,9680
32,6,Man,-0.05901614564180915,9567
32,7,Man,-0.05644930297532414,8577
32,7,Woman,0.04473815519930693,9086
32,7,Non-binary,0.04986876640419947,6
32,7,Other,0.05263157894736841,6
32,8,Woman,0.046951774335763606,9360
32,8,Man,-0.06886266945985084,8731
32,8,Non-binary,0.10497237569060773,6
32,8,Other,0.0771992818671454,7
32,9,Woman,0.047742789286645326,8893
32,9,Man,-0.05980071411725025,8584
32,9,Non-binary,0.24352331606217612,7
33,0,Man,-0.054150589438999135,9506
33,0,Woman,0.039987521677962316,9550
33,0,Other,0.08108108108108107,3
33,0,Non-binary,0.20845921450151056,6
33,1,Woman,0.04588942421917478,9337
33,1,Man,-0.05970349088386868,8991
33,1,Non-binary,0.3043478260869565,9
33,1,Other,0.17647058823529413,6
33,2,Man,-0.058192939959223776,9639
33,2,Woman,0.046053156887824076,9591
33,2,Non-binary,0.08695652173913042,8
33,2,Other,0.025641025641025637,3
33,3,Woman,0.04455399538228235,9544
33,3,Man,-0.05811741576870001,9277
33,3,Other,0.11343075852470422,14
33,4,Woman,0.048713401968057034,9897
33,4,Man,-0.058819984474826774,9518
33,4,Other,0.15429011158137743,16
33,4,Non-binary,0.23711340206185566,13
33,5,Man,-0.06052705454195699,9481
33,5,Woman,0.041337594177101554,10035
33,5,Non-binary,0.13636363636363635,9
33,5,Other,0.2676056338028168,11
33,6,Man,-0.06564521366728451,9397
33,6,Woman,0.04847195098860214,9890
33,6,Other,0.041666666666666664,3
33,6,Non-binary,0.26582278481012656,3
33,7,Woman,0.04018843584691341,9620
33,7,Man,-0.05731684546401757,9221
33,7,Non-binary,0.12359550561797751,3
33,7,Other,0.05820105820105819,3
33,8,Woman,0.04454954531924163,9500
33,8,Man,-0.05609329018545462,9397
33,8,Other,0.1799410029498525,6
33,8,Non-binary,0.20481927710843367,7
33,9,Woman,0.04751844118585985,9656
33,9,Man,-0.05775650906474068,9442
33,9,Non-binary,0.3208585580627408,13
33,9,Other,0.21212121212121213,3
34,0,Man,-0.06882798634226621,9964
34,0,Woman,0.051935730355074386,10576
34,0,Non-binary,0.44752714113389636,7
34,0,Other,0.05263157894736841,3
34,1,Woman,0.045362669297519274,9882
34,1,Man,-0.06103011326778598,9552
34,1,Non-binary,0.20120120120120122,12
34,1,Other,0.17878192534381135,9
34,2,Man,-0.05230136397028821,9847
34,2,Woman,0.03943957596650763,10047
34,2,Other,0.1443102352193261,10
34,3,Woman,0.047037142523966124,9889
34,3,Man,-0.06303641337843001,9397
34,3,Other,0.08843537414965985,12
34,3,Non-binary,0.0695187165775401,3
34,4,Woman,0.045967764604136596,10516
34,4,Man,-0.05850495974883842,9870
34,4,Non-binary,0.1267605633802817,6
34,4,Other,0.22448979591836735,9
34,5,Man,-0.05879231648999749,10097
34,5,Woman,0.039570604609265744,10409
34,5,Other,0.3029315960912052,6
34,5,Non-binary,0.11731843575418992,9
34,6,Woman,0.050175090508471305,9809
34,6,Man,-0.06127383256320633,9518
34,6,Non-binary,0.13314447592067988,7
34,6,Other,0.1976047904191617,3
34,7,Man,-0.057300279117244245,9764
34,7,Woman,0.04693595978353117,10297
34,7,Non-binary,0.14285714285714285,6
34,7,Other,0.33928571428571425,4
34,8,Man,-0.05947904946934291,9834
34,8,Woman,0.045070355612011,10226
34,8,Non-binary,0.06100795755968169,6
34,8,Other,0.1267605633802817,6
34,9,Man,-0.05842693599376004,9805
34,9,Woman,0.04156070215039546,10189
34,9,Other,0.25786163522012584,6
34,9,Non-binary,0.1869436201780415,6
35,0,Woman,0.03966800282120943,10320
35,0,Man,-0.055581899871356345,9831
35,0,Other,0.15774240231548478,12
35,0,Non-binary,0.13851992409867173,9
35,1,Woman,0.04471304081851398,10717
35,1,Man,-0.05854440581780086,10094
35,1,Non-binary,0.19760479041916165,6
35,1,Other,0.0738255033557047,14
35,2,Woman,0.04637413462070329,10485
35,2,Man,-0.0641321293010276,10183
35,2,Other,0.17508813160987075,15
35,2,Non-binary,0.02040816326530612,3
35,3,Woman,0.04342750523593113,10302
35,3,Man,-0.056738803062017465,10130
35,3,Non-binary,0.09689213893967094,9
35,3,Other,0.28205128205128205,3
35,4,Woman,0.045124395950579765,10738
35,4,Man,-0.06124631118754654,10040
35,4,Non-binary,0.08827085852478839,20
35,4,Other,0.1044638748274275,13
35,5,Man,-0.057270495885534664,10230
35,5,Woman,0.04346355013806019,10536
35,5,Other,0.1611030478955007,12
35,5,Non-binary,0.15606936416184972,12
35,6,Woman,0.04523619214034104,10688
35,6,Man,-0.06323840844823364,10053
35,6,Other,0.26050420168067223,4
35,7,Woman,0.04536542342694604,10685
35,7,Man,-0.055883040550124025,10375
35,7,Non-binary,0.07526881720430105,3
35,8,Man,-0.05448164829885277,10280
35,8,Woman,0.03974337487936166,10578
35,8,Other,0.1976047904191617,3
35,8,Non-binary,0.08450067781292361,13
35,9,Woman,0.04931226637155851,10831
35,9,Man,-0.0687572181740572,10334
35,9,Non-binary,0.06007067137809187,9
35,9,Other,0.1075219197046608,13
36,0,Woman,0.03928259970099146,10874
36,0,Man,-0.053663465315337805,10437
36,0,Non-binary,0.12464854732895968,13
36,0,Other,0.09190172884440401,7
36,1,Woman,0.0466372481233471,11044
36,1,Man,-0.062181257773696284,10557
36,1,Non-binary,0.1583011583011583,7
36,1,Other,0.10294117647058822,7
36,2,Woman,0.04906379323220694,11098
36,2,Man,-0.06383960514139428,10498
36,2,Non-binary,0.06571936056838366,9
36,2,Other,0.14942528735632185,6
36,3,Man,-0.05817228566535786,10645
36,3,Woman,0.043978349936405224,10957
36,3,Other,0.18043844856661045,21
36,3,Non-binary,0.17955439056356487,10
36,4,Woman,0.04445685840915347,10468
36,4,Man,-0.05508061367020236,10217
36,4,Non-binary,0.21951219512195116,11
36,4,Other,0.2684989429175475,13
36,5,Woman,0.047921014622759286,10621
36,5,Man,-0.06487050971342212,10390
36,5,Non-binary,0.124859392575928,15
36,5,Other,0.10091743119266054,10
36,6,Man,-0.057535075839507135,10265
36,6,Woman,0.04488678648078418,10927
36,6,Other,0.19284294234592447,7
36,7,Man,-0.05239747605868729,10463
36,7,Woman,0.0433222029666209,11122
36,7,Other,0.0695187165775401,3
36,7,Non-binary,0.2779552715654952,7
36,8,Man,-0.05315511447015912,10868
36,8,Woman,0.041842382960411706,10983
36,8,Non-binary,0.1705033164260632,16
36,8,Other,0.17647058823529413,3
36,9,Woman,0.0379700189772652,10971
36,9,Man,-0.05335751479859512,10541
36,9,Other,0.1111111111111111,7
36,9,Non-binary,0.20481927710843376,3
37,0,Man,-0.06264666065587308,10704
37,0,Woman,0.04546340499757945,11150
37,0,Non-binary,0.2924071082390953,12
37,0,Other,0.03092783505154639,3
37,1,Woman,0.043450165155020856,11940
37,1,Man,-0.05463519115004166,11552
37,1,Other,0.1678832116788321,12
37,1,Non-binary,0.025641025641025637,3
37,2,Man,-0.06692472047270016,11266
37,2,Woman,0.048180433699417914,11944
37,2,Non-binary,0.0989010989010989,6
37,2,Other,0.1320754716981132,13
37,3,Man,-0.05091297696976177,11336
37,3,Woman,0.04149495512905075,11582
37,3,Other,0.08108108108108107,18
37,3,Non-binary,0.2861736334405145,6
37,4,Woman,0.04336782625126135,11402
37,4,Man,-0.0547660000095478,10881
37,4,Non-binary,0.1976047904191617,3
37,5,Man,-0.056104130680099576,11193
37,5,Woman,0.04027373159298154,11567
37,5,Non-binary,0.15163147792706336,9
37,5,Other,0.15942028985507248,6
37,6,Man,-0.050540664342892644,11028
37,6,Woman,0.03917744184733763,11402
37,6,Other,0.15998066698888352,13
37,6,Non-binary,0.14285714285714285,3
37,7,Woman,0.040349845064634335,11959
37,7,Man,-0.057430851517737136,11405
37,7,Other,0.1402508551881414,16
37,7,Non-binary,0.19402985074626863,6
37,8,Woman,0.042287094304062633,11295
37,8,Man,-0.05127166804651812,10821
37,8,Non-binary,0.05263157894736842,13
37,8,Other,0.21580547112462004,6
37,9,Man,-0.05298187153288437,11321
37,9,Woman,0.03900059776929803,11990
37,9,Other,0.12994350282485873,6
37,9,Non-binary,0.07334525939177101,7
38,0,Woman,0.04586073627440161,12022
38,0,Man,-0.05789679453426575,11582
38,0,Non-binary,0.1799410029498525,6
38,0,Other,0.07398568019093077,10
38,1,Man,-0.05486177525957513,11404
38,1,Woman,0.037571032771422985,11861
38,1,Non-binary,0.13744075829383884,7
38,1,Other,0.05820105820105819,12
38,2,Man,-0.05222543186000078,11646
38,2,Woman,0.04110619646469903,12123
38,2,Other,0.03896103896103896,6
38,2,Non-binary,0.13851992409867173,9
38,3,Woman,0.040071952164330786,11845
38,3,Man,-0.05579037120778308,11188
38,3,Other,0.23456790123456794,9
38,3,Non-binary,0.23902942694889,8
38,4,Woman,0.04035714237783641,12032
38,4,Man,-0.05387779565324518,11636
38,4,Non-binary,0.1549566891241578,7
38,4,Other,0.1834319526627219,3
38,5,Man,-0.059692105962060066,11589
38,5,Woman,0.046037064926305424,12047
38,5,Other,0.13708149084017685,10
38,5,Non-binary,0.07526881720430105,6
38,6,Woman,0.043334485270966935,11904
38,6,Man,-0.0516559574014245,11798
38,6,Non-binary,0.23711340206185566,9
38,6,Other,0.11472364143056196,13
38,7,Woman,0.0423091392116006,11735
38,7,Man,-0.05729789930952595,11304
38,7,Other,0.1419249592169657,23
38,7,Non-binary,0.14068441064638784,19
38,8,Man,-0.05429432328080125,11556
38,8,Woman,0.04288765166233394,11770
38,8,Other,0.19760479041916165,6
38,9,Woman,0.04393889413032738,11726
38,9,Man,-0.05496630543106073,11269
38,9,Non-binary,0.28205128205128205,3
38,9,Other,0.14503816793893132,18
39,0,Woman,0.04606683035920216,12647
39,0,Man,-0.060400771433737746,12087
39,0,Other,0.09990834097158569,12
39,0,Non-binary,0.1787819253438114,9
39,1,Woman,0.03926177052869872,12102
39,1,Man,-0.056542339011518325,11600
39,1,Non-binary,0.11265646731571624,12
39,1,Other,0.0845986984815618,15
39,2,Woman,0.04326976439541541,12329
39,2,Man,-0.053465253875388315,12143
39,2,Non-binary,0.14942528735632185,13
39,2,Other,0.11420612813370473,7
39,3,Woman,0.046237091674564565,12160
39,3,Man,-0.0619805499963915,11956
39,3,Non-binary,0.06147722246793453,13
39,3,Other,0.1799410029498525,6
39,4,Woman,0.04135524920702928,12459
39,4,Man,-0.05386653030347223,12045
39,4,Other,0.12923462986198242,10
39,4,Non-binary,0.08401084010840107,6
39,5,Woman,0.04127951262497246,12174
39,5,Man,-0.05300522578669075,11777
39,5,Non-binary,0.17647058823529416,6
39,5,Other,0.08695652173913042,3
39,6,Man,-0.06136497063290347,11836
39,6,Woman,0.047810152259070114,12425
39,6,Other,0.17614113693643238,22
39,6,Non-binary,0.18460019743336623,13
39,7,Woman,0.04603050015712365,12821
39,7,Man,-0.06008496193080431,11982
39,7,Non-binary,0.11358574610244987,17
39,7,Other,0.1331444759206799,6
39,8,Woman,0.04500492070780352,12281
39,8,Man,-0.05687924569543272,11686
39,8,Non-binary,0.20192307692307696,16
39,8,Other,0.18694362017804153,6
39,9,Man,-0.05396736066903538,12091
39,9,Woman,0.03919351248903493,12456
39,9,Other,0.18912797281993207,23
39,9,Non-binary,0.24545926310326927,8
40,0,Woman,0.042589077335514425,12550
40,0,Man,-0.055762540724928186,12088
40,0,Other,0.1787819253438114,9
40,0,Non-binary,0.17302052785923752,6
40,1,Man,-0.06474008085952744,12411
40,1,Woman,0.046357492693669705,12869
40,1,Non-binary,0.12570356472795496,9
40,1,Other,0.02040816326530612,3
40,2,Woman,0.04122144771881343,12882
40,2,Man,-0.05741727058789712,12470
40,2,Non-binary,0.13507377979568672,15
40,2,Other,0.08695652173913042,3
40,3,Woman,0.03928810408479729,12425
40,3,Man,-0.056208656295154404,11747
40,3,Other,0.14379084967320258,21
40,3,Non-binary,0.12485939257592803,15
40,4,Woman,0.041757668278715056,12406
40,4,Man,-0.05769344284529487,11782
40,4,Other,0.11731843575418993,9
40,4,Non-binary,0.11940298507462685,10
40,5,Woman,0.03959078974007368,13042
40,5,Man,-0.05202571837211442,12557
40,5,Non-binary,0.15702479338842973,21
40,5,Other,0.13636363636363635,9
40,6,Man,-0.05416059840960012,12408
40,6,Woman,0.03983894838024494,12924
40,6,Non-binary,0.10497237569060772,9
40,6,Other,0.15894039735099336,21
40,7,Woman,0.03715861800988207,12979
40,7,Man,-0.05268428703130551,12213
40,7,Non-binary,0.1904761904761905,6
40,7,Other,0.09239872553482019,14
40,8,Man,-0.053269018492786986,12236
40,8,Woman,0.04141465797074091,12901
40,8,Non-binary,0.12149532710280372,9
40,8,Other,0.1483253588516746,7
40,9,Woman,0.04028627994455363,12815
40,9,Man,-0.05457332474140117,12243
40,9,Non-binary,0.1976047904191617,6
40,9,Other,0.13493064312736439,10
41,0,Woman,0.04125345717347974,13074
41,0,Man,-0.05718720577875407,12643
41,0,Other,0.12333255324128246,14
41,0,Non-binary,0.12359550561797752,9
41,1,Non-binary,0.07142857142857144,16
41,1,Man,-0.05555433695344917,12294
41,1,Woman,0.04139302175847057,12826
41,1,Other,0.1776251226692836,7
41,2,Woman,0.04079386540093738,13016
41,2,Man,-0.05144581349823719,12690
41,2,Non-binary,0.09090909090909091,9
41,2,Other,0.07334525939177101,9
41,3,Man,-0.05695172233098302,12812
41,3,Woman,0.04095737008465307,13162
41,3,Other,0.06666666666666667,12
41,4,Woman,0.03864098107426886,13098
41,4,Man,-0.053591427056771855,12589
41,4,Other,0.38888888888888873,4
41,4,Non-binary,0.1730205278592375,13
41,5,Man,-0.055851088810210794,12685
41,5,Woman,0.042489356519022324,13028
41,5,Other,0.11494558003716486,22
41,5,Non-binary,0.15251632731463696,16
41,6,Woman,0.04566401201588281,13172
41,6,Man,-0.06288856485289401,12810
41,6,Non-binary,0.16414435389988358,15
41,6,Other,0.06382978723404253,4
41,7,Woman,0.04027332774439344,13161
41,7,Man,-0.05552761717954737,12543
41,7,Other,0.19284294234592442,9
41,7,Non-binary,0.5604681404421327,7
41,8,Woman,0.04118464351013223,12668
41,8,Man,-0.05460744902657846,12154
41,8,Non-binary,0.1560693641618497,9
41,8,Other,0.08181203515889114,26
41,9,Man,-0.055631577141148136,12532
41,9,Woman,0.04307398531919229,13174
41,9,Other,0.22976019676163145,19
41,9,Non-binary,0.025641025641025637,3
42,0,Woman,0.042451996126306006,13128
42,0,Man,-0.054834056172631984,12881
42,0,Non-binary,0.09574745630054787,23
42,0,Other,0.1111111111111111,9
42,1,Woman,0.03553493345382496,13892
42,1,Man,-0.04900474546193261,13177
42,1,Non-binary,0.2658227848101266,12
42,1,Other,0.19617224880382772,16
42,2,Woman,0.04205446792750934,13338
42,2,Man,-0.05854188664587946,12803
42,2,Non-binary,0.09689213893967094,9
42,2,Other,0.03092783505154639,3
42,3,Man,-0.05924090980241092,13231
42,3,Woman,0.042466820877817626,13708
42,3,Other,0.15074798619102414,15
42,3,Non-binary,0.0695187165775401,9
42,4,Man,-0.05857742829177158,13226
42,4,Woman,0.04176835822729034,13781
42,4,Non-binary,0.20040013337779258,19
42,4,Other,0.152073732718894,15
42,5,Woman,0.042369808320635916,12900
42,5,Man,-0.05906541400933849,12341
42,5,Other,0.15440115440115437,12
42,5,Non-binary,0.07816711590296495,18
42,6,Woman,0.04359944034944485,13599
42,6,Man,-0.05271254593428451,13036
42,6,Non-binary,0.0718113612004287,15
42,6,Other,0.25523012552301255,9
42,7,Man,-0.055750813065312876,12766
42,7,Woman,0.04165545846811821,13409
42,7,Other,0.171875,16
42,7,Non-binary,0.06571936056838364,9
42,8,Woman,0.04354374887392176,12995
42,8,Man,-0.05155195407735506,12347
42,8,Non-binary,0.10782865583456425,16
42,8,Other,0.1523687580025608,10
42,9,Man,-0.05241135453434933,12707
42,9,Woman,0.03722402025747444,13278
42,9,Other,0.14942528735632185,6
42,9,Non-binary,0.11731843575418993,6
43,0,Man,-0.05573862643535291,13230
43,0,Woman,0.040751393955757026,13948
43,0,Non-binary,0.2558869701726844,12
43,0,Other,0.13493064312736444,27
43,1,Woman,0.04006110640174207,14203
43,1,Man,-0.05131931733953952,13692
43,1,Non-binary,0.1695906432748538,18
43,1,Other,0.14285714285714285,9
43,2,Woman,0.03531150157215365,13518
43,2,Man,-0.048780884120641965,13398
43,2,Other,0.16731517509727623,9
43,2,Non-binary,0.20643431635388734,10
43,3,Man,-0.04666797863119778,13156
43,3,Woman,0.038622675784461144,13423
43,3,Non-binary,0.12994350282485875,14
43,3,Other,0.08695652173913042,12
43,4,Man,-0.05377739549720419,12899
43,4,Woman,0.03720834043909654,13603
43,4,Non-binary,0.14285714285714282,12
43,4,Other,0.08459869848156182,15
43,5,Woman,0.03883172300714475,13553
43,5,Man,-0.053406464825259625,13215
43,5,Non-binary,0.045296167247386755,9
43,5,Other,0.1976047904191616,3
43,6,Woman,0.036988435443423416,13634
43,6,Man,-0.04843954824930049,12999
43,6,Other,0.14942528735632182,15
43,6,Non-binary,0.124859392575928,17
43,7,Woman,0.04086701241271238,13730
43,7,Man,-0.05328331513187488,13379
43,7,Other,0.15074798619102417,15
43,7,Non-binary,0.20288692862870886,17
43,8,Woman,0.041176797855589545,13724
43,8,Man,-0.05293688225711225,13444
43,8,Non-binary,0.20585701981050822,22
43,8,Other,0.11317254174397033,9
43,9,Woman,0.04080247453908972,13903
43,9,Man,-0.05351808013679217,13470
43,9,Other,0.2903225806451613,11
43,9,Non-binary,0.05263157894736841,3
44,0,Man,-0.060645305535265454,13444
44,0,Woman,0.04722896575065004,13980
44,0,Non-binary,0.14754098360655735,21
44,0,Other,0.16504854368932037,22
44,1,Woman,0.04121992727360752,14228
44,1,Man,-0.05633508037887341,13588
44,1,Non-binary,0.13636363636363635,27
44,1,Other,0.18168389955686853,12
44,2,Woman,0.03874925803348957,14594
44,2,Man,-0.05128760573366516,13751
44,2,Other,0.09722645534897896,21
44,2,Non-binary,0.08264164561530132,16
44,3,Man,-0.05546289088264742,13598
44,3,Woman,0.042613265635600875,14232
44,3,Non-binary,0.1280846063454759,25
44,3,Other,0.1583011583011583,23
44,4,Man,-0.06061617959752949,13478
44,4,Woman,0.04485846407055827,14025
44,4,Non-binary,0.17302052785923752,12
44,4,Other,0.1730205278592375,6
44,5,Man,-0.055024697952740544,13337
44,5,Woman,0.037696470210873134,14007
44,5,Other,0.08836486136304739,24
44,6,Man,-0.050834691735559656,13856
44,6,Woman,0.03866074206206784,13997
44,6,Non-binary,0.17101732129787753,25
44,6,Other,0.22950819672131148,9
44,7,Man,-0.05908753952997815,13507
44,7,Woman,0.042330280708383905,14081
44,7,Other,0.024940211820977106,10
44,8,Woman,0.03651855567884454,14436
44,8,Man,-0.050217728912503555,14004
44,8,Non-binary,0.0989010989010989,6
44,8,Other,0.17016089712335444,13
44,9,Woman,0.035961702613522196,14290
44,9,Man,-0.05417018174229544,13586
44,9,Other,0.1688311688311688,27
44,9,Non-binary,0.23647604327666147,12
45,0,Man,-0.055392261445409985,13973
45,0,Woman,0.04224248687199806,14743
45,0,Other,0.17302052785923752,25
45,0,Non-binary,0.15495668912415783,25
45,1,Man,-0.055308809377943954,13774
45,1,Woman,0.04116863970294976,14154
45,1,Other,0.1450381679389313,13
45,1,Non-binary,0.07382550335570469,12
45,2,Man,-0.05259559765030565,14204
45,2,Woman,0.039579813880156335,14811
45,2,Other,0.11583421891604674,22
45,2,Non-binary,0.1342155009451796,10
45,3,Woman,0.04331839241632492,14824
45,3,Man,-0.0565591157244359,14148
45,3,Non-binary,0.09529025191675793,15
45,3,Other,0.18764845605700714,15
45,4,Man,-0.05426829130154623,13691
45,4,Woman,0.04020407306710275,14277
45,4,Non-binary,0.10565110565110566,19
45,4,Other,0.11999999999999998,21
45,5,Woman,0.040452678617758864,15004
45,5,Man,-0.05447784583801156,14371
45,5,Other,0.16731517509727623,9
45,5,Non-binary,0.22699386503067479,7
45,6,Man,-0.05228288607061713,14210
45,6,Woman,0.03860737156381,14443
45,6,Other,0.11482720178372349,15
45,7,Woman,0.041586492338355305,14460
45,7,Man,-0.05331484936574539,13717
45,7,Other,0.16246886244118464,22
45,7,Non-binary,0.12781954887218044,22
45,8,Woman,0.0364166529474076,14413
45,8,Man,-0.049664441600930545,14121
45,8,Non-binary,0.24804992199687984,12
45,8,Other,0.10817941952506596,23
45,9,Woman,0.04270993445755915,14136
45,9,Man,-0.055946214808805815,13611
45,9,Other,0.19468365772313204,28
45,9,Non-binary,0.19284294234592442,13
46,0,Man,-0.05361906078819707,14404
46,0,Woman,0.03756833771165576,15009
46,0,Non-binary,0.13960113960113962,18
46,0,Other,0.09890109890109887,13
46,1,Woman,0.0356089912367768,15643
46,1,Man,-0.04808936928289819,14982
46,1,Other,0.13116078642607054,23
46,1,Non-binary,0.14503816793893132,9
46,2,Woman,0.03804803303675782,14474
46,2,Man,-0.05042265159103457,14200
46,2,Other,0.14416475972540044,15
46,2,Non-binary,0.2738853503184713,3
46,3,Man,-0.0463878751278731,14147
46,3,Woman,0.03841400123585065,14393
46,3,Non-binary,0.17801047120418845,20
46,3,Other,0.06477373558118898,7
46,4,Man,-0.05545517206968873,13818
46,4,Woman,0.04133614427034445,14416
46,4,Non-binary,0.21163166397415184,16
46,4,Other,0.148691767708998,10
46,5,Woman,0.04199594288485728,15130
46,5,Man,-0.053547012200755896,14721
46,5,Non-binary,0.17370892018779338,16
46,5,Other,0.06382978723404253,9
46,6,Man,-0.052787608268089224,13973
46,6,Woman,0.04038501652221666,14439
46,6,Non-binary,0.1602610587382161,26
46,6,Other,0.07816711590296495,19
46,7,Man,-0.05432964361508703,14266
46,7,Woman,0.03976857634634981,14926
46,7,Non-binary,0.10041265474552957,24
46,7,Other,0.10803324099722988,12
46,8,Man,-0.05199768003073104,14044
46,8,Woman,0.040715912958427844,14520
46,8,Other,0.08695652173913043,13
46,8,Non-binary,0.15074798619102417,15
46,9,Woman,0.039008111845893784,14892
46,9,Man,-0.05261231915638297,14443
46,9,Other,0.04602510460251046,15
46,9,Non-binary,0.17724002616088946,10
47,0,Man,-0.057157418415073304,14772
47,0,Non-binary,0.2077294685990338,17
47,0,Woman,0.044156273325267635,15387
47,0,Other,0.13876001687051878,29
47,1,Woman,0.03913825291106529,15248
47,1,Man,-0.05135614437235272,14707
47,1,Non-binary,0.6574585635359117,7
47,1,Other,0.15874855156431056,15
47,2,Man,-0.056954016330010716,14894
47,2,Woman,0.03935393000736146,15440
47,2,Other,0.14285714285714285,12
47,2,Non-binary,0.12612612612612611,15
47,3,Woman,0.04150348980595422,15152
47,3,Man,-0.05567547039331393,14646
47,3,Non-binary,0.12596762843068263,24
47,3,Other,0.08843537414965986,12
47,4,Woman,0.03782159752477823,15112
47,4,Man,-0.052235941191057914,14653
47,4,Non-binary,0.11162575266327004,14
47,4,Other,0.09739368998628256,13
47,5,Woman,0.04181132972718362,15452
47,5,Man,-0.05532579638170782,14712
47,5,Other,0.08010801080108011,20
47,5,Non-binary,0.1246485473289597,18
47,6,Woman,0.03868769824001322,15441
47,6,Man,-0.04950021171560958,14986
47,6,Other,0.07526881720430106,9
47,6,Non-binary,0.16029222174473567,28
47,7,Woman,0.03875497269964125,15585
47,7,Man,-0.05480648490701105,15144
47,7,Non-binary,0.1625090821022039,26
47,7,Other,0.022146507666098804,9
47,8,Man,-0.051074842141498794,15270
47,8,Non-binary,0.14285714285714285,21
47,8,Woman,0.03734989792452823,15985
47,8,Other,0.11279716742539198,34
47,9,Woman,0.03566538639838061,15552
47,9,Man,-0.047137700398174616,15060
47,9,Other,0.11358574610244987,15
47,9,Non-binary,0.0695187165775401,9
48,0,Man,-0.05433922578327573,15010
48,0,Woman,0.038101575874893844,15684
48,0,Other,0.12065745237205827,32
48,0,Non-binary,0.11576011157601115,12
48,1,Man,-0.05040370448203289,15383
48,1,Woman,0.03580064557618292,16125
48,1,Other,0.18401578687715833,14
48,1,Non-binary,0.09289617486338798,18
48,2,Woman,0.03676709411269246,15829
48,2,Man,-0.04845915775220477,15296
48,2,Non-binary,0.1695906432748538,21
48,2,Other,0.025641025641025637,6
48,3,Man,-0.04918322440384514,15440
48,3,Woman,0.038036631102684494,15950
48,3,Other,0.1088011088011088,24
48,3,Non-binary,0.13122171945701355,15
48,4,Man,-0.052887307376504315,15130
48,4,Woman,0.04180565585868271,15327
48,4,Other,0.1527377521613833,12
48,4,Non-binary,0.11420612813370472,12
48,5,Man,-0.04652861717760098,14837
48,5,Woman,0.033330818858522036,15405
48,5,Non-binary,0.1795543905635649,28
48,5,Other,0.17302052785923752,18
48,6,Man,-0.04975095299023332,15630
48,6,Woman,0.03698846109606789,16191
48,6,Other,0.09090909090909088,19
48,6,Non-binary,0.11940298507462685,19
48,7,Woman,0.03607530563960496,15931
48,7,Man,-0.050108933673368376,15134
48,7,Other,0.08564535585042218,27
48,7,Non-binary,0.13636363636363635,25
48,8,Woman,0.0405872279350678,16371
48,8,Man,-0.0585040457169531,15248
48,8,Non-binary,0.10599078341013823,13
48,8,Other,0.14291156721748655,27
48,9,Woman,0.0370184995744139,15902
48,9,Man,-0.053514835173542226,15256
48,9,Non-binary,0.1695906432748538,9
48,9,Other,0.11940298507462685,13
49,0,Man,-0.04635689363597237,15869
49,0,Woman,0.037684194036094486,16221
49,0,Other,0.258050022465179,25
49,0,Non-binary,0.12359550561797752,6
49,1,Man,-0.05177004888804798,15892
49,1,Woman,0.038004889120933055,16578
49,1,Non-binary,0.10887096774193546,35
49,1,Other,0.0747231095321969,24
49,2,Woman,0.034365550829849496,16648
49,2,Man,-0.04992331792542199,15722
49,2,Non-binary,0.15301465289454722,25
49,2,Other,0.10905730129390019,18
49,3,Man,-0.05058191774756344,15504
49,3,Woman,0.034729756528501084,15973
49,3,Non-binary,0.060070671378091856,9
49,3,Other,0.07238605898123325,6
49,4,Man,-0.05033502083540386,14931
49,4,Woman,0.03833866484904536,15819
49,4,Non-binary,0.06788710907704042,22
49,4,Other,0.2698412698412698,6
49,5,Man,-0.05535286289281844,15653
49,5,Woman,0.04100392325433137,16266
49,5,Non-binary,0.11489625270981728,19
49,5,Other,0.10667076544727941,19
49,6,Woman,0.03678639255165181,16399
49,6,Man,-0.050906239634597984,15860
49,6,Other,0.10752191970466081,27
49,6,Non-binary,0.07104605498036415,16
49,7,Woman,0.0400374704830054,16270
49,7,Man,-0.05380574568052167,15546
49,7,Non-binary,0.09569028487947408,17
49,7,Other,0.19999999999999998,9
49,8,Woman,0.042161035380714224,16222
49,8,Man,-0.05419770387479844,15480
49,8,Other,0.17845117845117844,22
49,8,Non-binary,0.08352144469525957,27
49,9,Man,-0.05391046252051251,15191
49,9,Woman,0.03897867880538344,16045
49,9,Non-binary,0.11265646731571628,25
49,9,Other,0.09890109890109891,9
50,0,Woman,0.03726107105631113,16551
50,0,Man,-0.048372369379880036,15681
50,0,Non-binary,0.18406072106261856,45
50,0,Other,0.1090573012939002,18
50,1,Man,-0.054839374983331704,15902
50,1,Woman,0.03993782312680851,16309
50,1,Other,0.16722434051824758,19
50,1,Non-binary,0.20663650075414783,12
50,2,Woman,0.03679998106549034,17032
50,2,Man,-0.049723124723718384,16335
50,2,Non-binary,0.09389243391066544,18
50,2,Other,0.14481969089868346,33
50,3,Woman,0.03929886259878154,16366
50,3,Man,-0.05167587428847093,15715
50,3,Other,0.15107913669064746,13
50,3,Non-binary,0.13812726332126227,33
50,4,Man,-0.051795796635461196,16022
50,4,Woman,0.03947387681868095,16408
50,4,Non-binary,0.21898127993034391,42
50,4,Other,0.16440255059606312,24
50,5,Man,-0.05210205422030308,15321
50,5,Woman,0.037303690679555745,15983
50,5,Non-binary,0.08303249097472923,9
50,5,Other,0.07197549770290963,21
50,6,Woman,0.0400842151186817,16569
50,6,Man,-0.058539502115062154,15500
50,6,Non-binary,0.11464968152866241,22
50,6,Other,0.12540192926045016,21
50,7,Man,-0.05403933562795985,16210
50,7,Woman,0.040557326764113624,16947
50,7,Other,0.11731843575418993,27
50,7,Non-binary,0.1111111111111111,9
50,8,Man,-0.048969332603532034,15499
50,8,Woman,0.03797422774528353,15944
50,8,Other,0.21072355145575092,22
50,8,Non-binary,0.1532125205930807,21
50,9,Woman,0.03758479831120877,17008
50,9,Man,-0.052542125311839875,16032
50,9,Non-binary,0.09422492401215805,28
50,9,Other,0.13636363636363635,24
51,0,Woman,0.036833514189784464,16597
51,0,Man,-0.050408735672187927,16062
51,0,Other,0.15634786798361838,25
51,0,Non-binary,0.12070978286247955,28
51,1,Woman,0.03891381047925998,17208
51,1,Man,-0.05314709685392889,16467
51,1,Non-binary,0.1749895090222409,24
51,1,Other,0.2269938650306749,19
51,2,Man,-0.05234390307429832,16232
51,2,Woman,0.03731331282527427,17018
51,2,Non-binary,0.1031439602868174,31
51,2,Other,0.13913751017087062,22
51,3,Man,-0.05089481539034387,16378
51,3,Woman,0.03920514901951119,17131
51,3,Non-binary,0.1618257261410788,21
51,3,Other,0.15384615384615383,18
51,4,Man,-0.049128691988866054,16188
51,4,Woman,0.03737954977931423,16813
51,4,Non-binary,0.11172873818788215,17
51,4,Other,0.15919629057187018,32
51,5,Man,-0.047716137533526444,16222
51,5,Woman,0.039528690166241075,16760
51,5,Other,0.1097410604192355,29
51,5,Non-binary,0.13851992409867173,16
51,6,Woman,0.037151634224956834,17520
51,6,Man,-0.04819261979567765,16799
51,6,Non-binary,0.1483253588516746,25
51,6,Other,0.15052732502396932,20
51,7,Woman,0.037829994334799895,17447
51,7,Man,-0.05089180412809667,16690
51,7,Non-binary,0.1620400258231117,37
51,7,Other,0.06100795755968169,6
51,8,Woman,0.03992312642923387,16676
51,8,Man,-0.054903129001714,15795
51,8,Non-binary,0.21580547112462,12
51,8,Other,0.08205590622182145,26
51,9,Woman,0.040540386816603116,16244
51,9,Man,-0.05333476804744041,15591
51,9,Non-binary,0.13260972156677678,25
51,9,Other,0.17216117216117213,24
52,0,Woman,0.04057802693630224,16967
52,0,Man,-0.050955014098614665,16382
52,0,Other,0.13278791692888608,27
52,0,Non-binary,0.16913484021823852,16
52,1,Man,-0.049094407202755486,16209
52,1,Woman,0.03736711566309719,16980
52,1,Non-binary,0.15384615384615388,27
52,1,Other,0.16902094495859715,13
52,2,Man,-0.051597596905145815,16960
52,2,Woman,0.03811014020191233,17688
52,2,Other,0.12149532710280375,19
52,2,Non-binary,0.17141741507223737,16
52,3,Woman,0.0409556906393315,17651
52,3,Man,-0.05016330829559323,16915
52,3,Non-binary,0.14249444620755317,23
52,3,Other,0.10253583241455347,15
52,4,Woman,0.03953278744419117,17648
52,4,Man,-0.05234645868866688,16900
52,4,Other,0.21252947120242502,20
52,4,Non-binary,0.1602610587382161,24
52,5,Man,-0.050591765844655016,16115
52,5,Woman,0.036907328158954526,16845
52,5,Other,0.14566284779050737,21
52,5,Non-binary,0.1225444340505145,18
52,6,Man,-0.04613679720958773,16972
52,6,Woman,0.0369157721968261,17368
52,6,Non-binary,0.12035308097097266,36
52,6,Other,0.11059694585839888,13
52,7,Man,-0.05360357762533659,16638
52,7,Woman,0.038653495202896536,17517
52,7,Non-binary,0.07023411371237459,25
52,7,Other,0.12633752581190164,31
52,8,Woman,0.04103802207438235,17707
52,8,Man,-0.056943236949087254,17063
52,8,Non-binary,0.22850122850122848,16
52,8,Other,0.1656579242322349,43
52,9,Woman,0.03357631991869881,17423
52,9,Man,-0.04903482157148751,16345
52,9,Non-binary,0.1630160883892227,31
52,9,Other,0.13122171945701355,15
53,0,Man,-0.049948557392461006,18025
53,0,Woman,0.03600371379376794,18536
53,0,Non-binary,0.10302566066641132,42
53,0,Other,0.14467408585055644,38
53,1,Woman,0.04016094355513166,17678
53,1,Man,-0.05491930932587365,17201
53,1,Other,0.12422709387296235,30
53,1,Non-binary,0.08991825613079019,12
53,2,Man,-0.05248538878691551,17049
53,2,Woman,0.039435677166652534,17414
53,2,Other,0.1746608865892882,44
53,2,Non-binary,0.1476264997391758,36
53,3,Man,-0.05026927210622664,16779
53,3,Woman,0.03643488312248921,17587
53,3,Other,0.04651162790697674,27
53,3,Non-binary,0.14340161981896143,25
53,4,Woman,0.0370826702472468,17466
53,4,Man,-0.04843611408265315,17054
53,4,Other,0.14068441064638784,18
53,4,Non-binary,0.20572720422004517,25
53,5,Woman,0.036881534612982665,18075
53,5,Man,-0.05219741554158442,17455
53,5,Non-binary,0.13464447806354007,16
53,5,Other,0.12994350282485875,12
53,6,Woman,0.03956772422370105,17911
53,6,Man,-0.048439490188804404,17639
53,6,Other,0.12289457267623206,38
53,6,Non-binary,0.1090573012939002,18
53,7,Man,-0.05045818334784537,16884
53,7,Woman,0.03773631050613412,17443
53,7,Other,0.16422649497265832,35
53,7,Non-binary,0.18180027575339766,18
53,8,Man,-0.0535126474364557,17381
53,8,Woman,0.04200583626432074,17655
53,8,Other,0.08695652173913042,33
53,8,Non-binary,0.16776956014013233,31
53,9,Woman,0.036165587320315364,17696
53,9,Man,-0.05205687149933265,16758
53,9,Other,0.18938700823421775,41
53,9,Non-binary,0.07238605898123325,12
54,0,Woman,0.03813759172755048,18628
54,0,Man,-0.04969106293992338,17894
54,0,Other,0.1550802139037433,31
54,0,Non-binary,0.1627906976744186,30
54,1,Woman,0.03755328208857756,18686
54,1,Man,-0.049754571724524334,17769
54,1,Other,0.13975576662143824,23
54,1,Non-binary,0.0825439783491204,12
54,2,Man,-0.05074239121860775,17429
54,2,Woman,0.035814899520110945,18534
54,2,Non-binary,0.13189750039301995,22
54,2,Other,0.16589749817828517,25
54,3,Woman,0.03315984499308532,18491
54,3,Man,-0.046356684911405044,17857
54,3,Non-binary,0.14863940927116093,23
54,3,Other,0.10565110565110566,29
54,4,Woman,0.03703230199868766,18336
54,4,Man,-0.054530010116650075,17320
54,4,Other,0.11169931180518794,24
54,4,Non-binary,0.180327868852459,19
54,5,Man,-0.04905833393203896,17923
54,5,Woman,0.03500520775626571,18465
54,5,Non-binary,0.23094958968347007,23
54,5,Other,0.13250283125707812,16
54,6,Woman,0.03520772938989699,18092
54,6,Man,-0.046857957039631144,16963
54,6,Other,0.10253583241455347,33
54,6,Non-binary,0.245136186770428,26
54,7,Woman,0.04103123771058038,18551
54,7,Man,-0.05557771714103517,17859
54,7,Non-binary,0.12540192926045016,21
54,7,Other,0.12029874633235527,22
54,8,Man,-0.04834161036257816,17902
54,8,Woman,0.036009410920635095,18325
54,8,Non-binary,0.14967000212901851,30
54,8,Other,0.15886045388701112,36
54,9,Woman,0.03557820787573028,18386
54,9,Man,-0.050098815551984484,17585
54,9,Other,0.12711333750782716,28
54,9,Non-binary,0.09011627906976744,32
55,0,Woman,0.03559403085146085,19222
55,0,Man,-0.04691387370350394,18492
55,0,Non-binary,0.13260972156677678,38
55,0,Other,0.1346054667354306,36
55,1,Man,-0.04718422197546669,18004
55,1,Woman,0.03551011710447235,18716
55,1,Non-binary,0.1001100110011001,34
55,1,Other,0.19419960193346605,22
55,2,Man,-0.047673565756288866,17909
55,2,Woman,0.035871057752689214,18543
55,2,Non-binary,0.12596762843068263,25
55,2,Other,0.13834711998178642,35
55,3,Man,-0.0554253949906837,17777
55,3,Woman,0.041124667643011925,18750
55,3,Other,0.15435844309604851,40
55,3,Non-binary,0.1347517730496454,24
55,4,Woman,0.0362816560848547,19042
55,4,Man,-0.05240258253238797,18145
55,4,Other,0.11888111888111887,24
55,4,Non-binary,0.10361741263028815,41
55,5,Woman,0.03689244356581754,18347
55,5,Man,-0.052608882295364055,17534
55,5,Other,0.3274336283185841,19
55,5,Non-binary,0.16004296455424274,28
55,6,Woman,0.03617056378305046,19014
55,6,Man,-0.04718098828045347,18159
55,6,Other,0.10192837465564739,13
55,6,Non-binary,0.14531138153185394,25
55,7,Woman,0.033946778678686916,19658
55,7,Man,-0.04742480286959908,18661
55,7,Non-binary,0.16987570070679991,26
55,7,Other,0.15919629057187012,32
55,8,Man,-0.04969409913035312,17896
55,8,Woman,0.037753970697778964,18823
55,8,Non-binary,0.14807182808360322,43
55,8,Other,0.11037673496364837,23
55,9,Woman,0.035413834867354735,18908
55,9,Man,-0.04813916635027709,18023
55,9,Other,0.14503816793893132,39
55,9,Non-binary,0.18764845605700708,15
56,0,Man,-0.04792461047812127,18177
56,0,Woman,0.03526505427317072,18893
56,0,Non-binary,0.14189046310002115,28
56,0,Other,0.15114048177360898,30
56,1,Woman,0.03426619723946075,18959
56,1,Man,-0.04680826486998464,18227
56,1,Non-binary,0.14382546070747723,30
56,1,Other,0.17054137538611608,40
56,2,Man,-0.04982971646628864,18162
56,2,Woman,0.03726527540114495,18862
56,2,Other,0.1231748408835642,31
56,2,Non-binary,0.18845500848896432,21
56,3,Woman,0.03736980624125396,18950
56,3,Man,-0.05228081477187749,18401
56,3,Non-binary,0.10555409318241643,23
56,3,Other,0.2033091000250689,28
56,4,Woman,0.040517071265359826,19257
56,4,Man,-0.055350329170191934,18680
56,4,Other,0.11140513363323629,45
56,4,Non-binary,0.060226770725960825,21
56,5,Woman,0.03736444522528727,18666
56,5,Man,-0.04606614561601711,17965
56,5,Other,0.08275328692962101,22
56,5,Non-binary,0.20397311126718165,35
56,6,Man,-0.04621150708718913,18452
56,6,Woman,0.03341465443360748,19311
56,6,Non-binary,0.12970711297071127,30
56,6,Other,0.09449106165632981,31
56,7,Man,-0.0482135258790946,17379
56,7,Woman,0.035807104288750106,18367
56,7,Other,0.13454545454545455,42
56,7,Non-binary,0.08219531048698789,22
56,8,Woman,0.034448541427958536,19189
56,8,Man,-0.04730342720894881,18514
56,8,Other,0.2010294538175579,23
56,8,Non-binary,0.09190172884440398,14
56,9,Woman,0.034016972141287294,19324
56,9,Man,-0.047829734000949684,18691
56,9,Other,0.12540192926045016,26
56,9,Non-binary,0.10463332310524698,39
57,0,Man,-0.05149753777600113,18199
57,0,Woman,0.03630315574493806,19276
57,0,Other,0.12899853648337864,28
57,0,Non-binary,0.16822429906542055,16
57,1,Woman,0.03871449915725206,19339
57,1,Man,-0.050584380722622044,18601
57,1,Non-binary,0.11492281303602059,45
57,1,Other,0.12781954887218044,34
57,2,Man,-0.05109992087106435,18494
57,2,Woman,0.03934570183068188,19442
57,2,Other,0.09639104613978985,26
57,2,Non-binary,0.11376292760540967,23
57,3,Woman,0.03983604197128747,19605
57,3,Man,-0.05474403384113763,18861
57,3,Non-binary,0.14860014357501794,24
57,3,Other,0.11986727498963085,31
57,4,Woman,0.03519217561191578,19190
57,4,Man,-0.04776870570530323,18543
57,4,Other,0.11294311624072546,30
57,4,Non-binary,0.13469216221895355,29
57,5,Woman,0.03587624126096041,19968
57,5,Man,-0.05029203199083495,19021
57,5,Non-binary,0.1054421768707483,42
57,5,Other,0.15803288813402303,34
57,6,Woman,0.03546824242160481,19403
57,6,Man,-0.04810108400181695,18740
57,6,Non-binary,0.09572363415005326,40
57,6,Other,0.14618942288357126,59
57,7,Man,-0.055607539341994985,18888
57,7,Woman,0.040848604710249606,19600
57,7,Non-binary,0.12570356472795496,37
57,7,Other,0.16618075801749266,37
57,8,Woman,0.03765250853780355,19152
57,8,Man,-0.05546091424807407,17995
57,8,Non-binary,0.07454667562122229,24
57,8,Other,0.1372251705837756,16
57,9,Woman,0.03942915487626919,19592
57,9,Man,-0.052727303296237794,18816
57,9,Other,0.1823556161891769,42
57,9,Non-binary,0.14406779661016944,28
58,0,Woman,0.03764298452658466,20032
58,0,Man,-0.049946918951132194,19081
58,0,Other,0.1680726800778715,27
58,0,Non-binary,0.13657889751846938,31
58,1,Woman,0.038026963255587756,20025
58,1,Man,-0.04687710898586509,18982
58,1,Non-binary,0.20026672593909758,28
58,1,Other,0.13487560017459624,39
58,2,Woman,0.034080075934652974,19585
58,2,Man,-0.046752200433894026,18570
58,2,Other,0.09622411693057245,50
58,2,Non-binary,0.21932155697983433,41
58,3,Woman,0.033134992698306526,20175
58,3,Man,-0.04742947957773692,19252
58,3,Non-binary,0.1592958351223701,28
58,3,Other,0.1560693641618497,23
58,4,Man,-0.0468700321516951,19338
58,4,Woman,0.03568678532090783,20216
58,4,Non-binary,0.18629173989455186,30
58,4,Other,0.12697220135236661,17
58,5,Man,-0.04961878154495374,19466
58,5,Woman,0.036402380213863716,20137
58,5,Non-binary,0.10834026045996122,32
58,5,Other,0.15406809001731103,34
58,6,Man,-0.046355236266356105,19624
58,6,Woman,0.03433819751015098,20333
58,6,Non-binary,0.18077031206072533,44
58,6,Other,0.10384300899427637,30
58,7,Woman,0.03310176246291841,19703
58,7,Man,-0.04230282580296313,18756
58,7,Other,0.10653993474251665,41
58,7,Non-binary,0.16379310344827583,31
58,8,Man,-0.05086806585366756,19099
58,8,Woman,0.0368376923428253,20080
58,8,Non-binary,0.13636363636363635,18
58,8,Other,0.13100848256361922,13
58,9,Man,-0.04699670725613063,19714
58,9,Woman,0.03396791427305687,20942
58,9,Other,0.19760479041916165,21
58,9,Non-binary,0.14873758525786762,26
59,0,Woman,0.03509590042909424,20174
59,0,Man,-0.048563441936979,19347
59,0,Other,0.13910942354159475,37
59,0,Non-binary,0.1196118678857996,32
59,1,Man,-0.04453635449921726,19311
59,1,Woman,0.03311851702158373,20336
59,1,Non-binary,0.10599078341013823,33
59,1,Other,0.08108108108108107,19
59,2,Woman,0.03535947381429275,20868
59,2,Man,-0.04712370617024569,20046
59,2,Other,0.14394661582459484,36
59,2,Non-binary,0.16674769081186194,37
59,3,Woman,0.037276346556864765,20609
59,3,Man,-0.0502375227131572,19746
59,3,Other,0.16030112576835415,46
59,3,Non-binary,0.10386352232814852,35
59,4,Man,-0.04531897072984282,19530
59,4,Woman,0.0343540760861673,19631
59,4,Other,0.10165247871807712,34
59,4,Non-binary,0.14777618364418935,36
59,5,Man,-0.046480895546575515,19577
59,5,Woman,0.036922911493127916,19956
59,5,Other,0.17367612127986587,43
59,5,Non-binary,0.1627906976744186,15
59,6,Man,-0.0483175668059432,19364
59,6,Woman,0.03715088963525183,20110
59,6,Non-binary,0.15289596486412296,44
59,6,Other,0.07526881720430106,15
59,7,Woman,0.037655271047646634,20631
59,7,Man,-0.05187375456947448,19800
59,7,Other,0.09387430389817024,37
59,7,Non-binary,0.07526881720430106,9
59,8,Woman,0.03643968609464571,20354
59,8,Man,-0.05075489135832184,19631
59,8,Non-binary,0.12215078901227351,51
59,8,Other,0.12101178499568843,40
59,9,Woman,0.037745225504325894,20424
59,9,Man,-0.05190944697059796,19594
59,9,Other,0.14406779661016947,28
59,9,Non-binary,0.1471278352307291,36
60,0,Woman,0.03241448408720419,21103
60,0,Man,-0.04529328049512506,20305
60,0,Other,0.12994350282485878,30
60,0,Non-binary,0.13452188006482982,21
60,1,Woman,0.03619712143988624,20362
60,1,Man,-0.047692032824986456,19763
60,1,Other,0.13588557004627683,57
60,1,Non-binary,0.1255411255411255,40
60,2,Woman,0.039121004455059505,20288
60,2,Man,-0.05322677231510511,19439
60,2,Other,0.09289617486338797,21
60,2,Non-binary,0.11659067646785151,34
60,3,Man,-0.049476315594198066,19748
60,3,Woman,0.03784557563007755,20431
60,3,Other,0.12911795961742825,56
60,3,Non-binary,0.12817298652460044,39
60,4,Man,-0.05031496141754139,20256
60,4,Woman,0.038759302500730314,21015
60,4,Non-binary,0.13394755492558472,50
60,4,Other,0.11317254174397032,18
60,5,Man,-0.045229756013969544,19828
60,5,Woman,0.03529873602349654,20598
60,5,Other,0.11870727159726537,40
60,5,Non-binary,0.141185076810534,42
60,6,Man,-0.0492156905600933,20014
60,6,Woman,0.03722608628443812,20787
60,6,Other,0.14449213161659513,38
60,6,Non-binary,0.14511101215090016,39
60,7,Man,-0.04865340338350015,19705
60,7,Woman,0.03550158104682577,20650
60,7,Non-binary,0.12640801001251564,27
60,7,Other,0.1314083677077195,26
60,8,Man,-0.04547977752438206,19069
60,8,Woman,0.035166618615061374,19926
60,8,Other,0.1848341232227488,32
60,8,Non-binary,0.14421930870083433,25
60,9,Man,-0.05122566216814726,20125
60,9,Woman,0.03573113481610569,21055
60,9,Other,0.09371116082525478,35
60,9,Non-binary,0.1572856391372961,35
61,0,Woman,0.03504573240314513,20847
61,0,Man,-0.051645506089462,19961
61,0,Non-binary,0.08958837772397095,27
61,0,Other,0.12070978286247955,27
61,1,Man,-0.049076737599833664,20315
61,1,Woman,0.03499151831942991,21147
61,1,Non-binary,0.12499999999999997,37
61,1,Other,0.12209457654288003,43
61,2,Man,-0.043686690726914085,20941
61,2,Woman,0.03499595775690097,21390
61,2,Other,0.14265927977839338,34
61,2,Non-binary,0.10404048148432106,38
61,3,Woman,0.036172380317037844,21000
61,3,Man,-0.05188998892035512,19809
61,3,Non-binary,0.14394661582459486,31
61,3,Other,0.09689213893967093,38
61,4,Man,-0.055695734881165956,19905
61,4,Woman,0.03976511135486614,20847
61,4,Other,0.1008332696277043,40
61,4,Non-binary,0.17909078999082934,46
61,5,Man,-0.050543166213062374,20444
61,5,Woman,0.035873348708023674,21641
61,5,Non-binary,0.08843537414965985,34
61,5,Other,0.14222257476005395,40
61,6,Man,-0.04993418817803482,20164
61,6,Woman,0.0381970826244111,21099
61,6,Non-binary,0.14876507754164273,32
61,6,Other,0.11265646731571625,12
61,7,Woman,0.039471717988572255,21013
61,7,Man,-0.05274435105154949,20402
61,7,Non-binary,0.11226972540841153,26
61,7,Other,0.10238850843494238,36
61,8,Man,-0.047142076919084064,20364
61,8,Woman,0.03431244363366306,21189
61,8,Other,0.14206610140162657,35
61,8,Non-binary,0.10429447852760734,28
61,9,Woman,0.03756833858761669,21068
61,9,Man,-0.051049206539841685,20116
61,9,Non-binary,0.1478546050833561,44
61,9,Other,0.11870727159726539,38
62,0,Woman,0.03458222955495436,21331
62,0,Man,-0.04743603417733334,20468
62,0,Other,0.10534248869536088,36
62,0,Non-binary,0.1627906976744186,21
62,1,Man,-0.05149110843281535,20301
62,1,Woman,0.03800049734197745,21242
62,1,Other,0.10409127154511438,48
62,1,Non-binary,0.07361963190184045,23
62,2,Man,-0.05135847334781453,20895
62,2,Woman,0.03715760242127404,21997
62,2,Non-binary,0.11414527580557073,52
62,2,Other,0.10667076544727944,37
62,3,Man,-0.0486165995881236,20587
62,3,Woman,0.03551530867117252,21766
62,3,Non-binary,0.12839801675500084,37
62,3,Other,0.14122681883024252,25
62,4,Woman,0.038721255852344205,21691
62,4,Man,-0.05284839681006243,20637
62,4,Other,0.1703511053315995,47
62,4,Non-binary,0.11204717775905643,35
62,5,Man,-0.0497958337338873,20752
62,5,Woman,0.036818461494365816,21315
62,5,Other,0.05769230769230769,33
62,5,Non-binary,0.1210117849956884,44
62,6,Man,-0.04715095225939275,20560
62,6,Woman,0.034797044197527535,22022
62,6,Non-binary,0.14478114478114476,55
62,6,Other,0.18460019743336623,44
62,7,Woman,0.03664199309695079,21224
62,7,Man,-0.049137984698902175,20373
62,7,Non-binary,0.11055022715800102,33
62,7,Other,0.08808290155440417,46
62,8,Man,-0.04954326846612246,20719
62,8,Other,0.09439124487004102,25
62,8,Woman,0.03486019711870214,21499
62,8,Non-binary,0.10819066562477801,42
62,9,Woman,0.03555563153525955,21565
62,9,Man,-0.04843922938623389,20662
62,9,Other,0.09339407744874714,50
62,9,Non-binary,0.15015974440894567,38
63,0,Woman,0.038728602613153314,22217
63,0,Man,-0.051959614413115106,21479
63,0,Non-binary,0.1290679654638034,53
63,0,Other,0.1562550184679621,42
63,1,Man,-0.048884961046301655,20539
63,1,Woman,0.03415378109221156,21690
63,1,Non-binary,0.16580310880829013,37
63,1,Other,0.19323831620815377,20
63,2,Woman,0.035020660647688114,21655
63,2,Man,-0.04905501654840829,20879
63,2,Other,0.08408617095205004,41
63,2,Non-binary,0.10608345902463549,37
63,3,Man,-0.045907699304214865,21275
63,3,Woman,0.03426746277408448,22378
63,3,Non-binary,0.09856576136710404,55
63,3,Other,0.12711333750782716,41
63,4,Man,-0.04569464192315167,21040
63,4,Woman,0.03199283080102827,21822
63,4,Non-binary,0.14285714285714282,34
63,4,Other,0.1139106219334306,43
63,5,Man,-0.046712750947076054,20869
63,5,Woman,0.034665700969491,21655
63,5,Other,0.12895132965378825,47
63,5,Non-binary,0.0954356846473029,35
63,6,Man,-0.05184580598701369,20831
63,6,Woman,0.037332835843494984,21513
63,6,Other,0.10073382254836558,34
63,6,Non-binary,0.1717932621887424,45
63,7,Man,-0.0512796404098322,20556
63,7,Woman,0.03758784629768569,21791
63,7,Other,0.10381077529566358,23
63,7,Non-binary,0.12994350282485875,35
63,8,Woman,0.035485641371327724,22105
63,8,Man,-0.04703441999022485,21272
63,8,Other,0.14866886030511517,51
63,8,Non-binary,0.16388089618829005,40
63,9,Woman,0.03398645407818055,21774
63,9,Man,-0.04652134693920502,21041
63,9,Other,0.07212475633528265,35
63,9,Non-binary,0.13679424024251607,49
64,0,Woman,0.03609808352867077,21917
64,0,Man,-0.05023626340211675,20935
64,0,Other,0.13129928008227632,38
64,0,Non-binary,0.08823215619332121,52
64,1,Woman,0.035472282962930646,22648
64,1,Man,-0.045736986477723555,21640
64,1,Other,0.17795540597391668,43
64,1,Non-binary,0.11468912558830814,49
64,2,Woman,0.03620620789403828,22402
64,2,Man,-0.051811374993896625,21232
64,2,Other,0.10384300899427634,29
64,2,Non-binary,0.12923462986198242,59
64,3,Man,-0.04985649010925203,21165
64,3,Woman,0.03696342701767403,21914
64,3,Other,0.11752654125535482,31
64,3,Non-binary,0.09244392948771,37
64,4,Woman,0.040205773182284875,22170
64,4,Man,-0.05424080812357858,21361
64,4,Other,0.13792013486460858,30
64,4,Non-binary,0.06658047834518423,34
64,5,Man,-0.05059227678844147,21734
64,5,Woman,0.037405688740773796,22820
64,5,Non-binary,0.15473441108545033,33
64,5,Other,0.11801242236024842,47
64,6,Man,-0.05292196144254408,22231
64,6,Woman,0.03763727491143164,23059
64,6,Non-binary,0.11138552729068903,47
64,6,Other,0.12982529553300554,56
64,7,Man,-0.05245255367062775,21453
64,7,Woman,0.037687350981525695,22324
64,7,Other,0.16326036028758378,38
64,7,Non-binary,0.09249817916970136,32
64,8,Man,-0.050684557642227186,20920
64,8,Woman,0.03556544792809957,21916
64,8,Non-binary,0.10169491525423728,43
64,8,Other,0.14503816793893132,40
64,9,Man,-0.043086910701023745,21860
64,9,Woman,0.03362615832674152,22611
64,9,Non-binary,0.14606741573033707,55
64,9,Other,0.10091743119266054,43
65,0,Woman,0.0338165199735948,22655
65,0,Man,-0.04618929148852307,22033
65,0,Other,0.09819712638418596,69
65,0,Non-binary,0.16472545757071544,25
65,1,Man,-0.04640360875809212,22189
65,1,Woman,0.03323072746134148,23121
65,1,Non-binary,0.07526881720430106,31
65,1,Other,0.15715230328410842,25
65,2,Woman,0.03466360215784485,23099
65,2,Man,-0.047905247628317014,22144
65,2,Other,0.10849848841115217,34
65,2,Non-binary,0.16320056397603097,36
65,3,Woman,0.03448982656119042,22649
65,3,Man,-0.04821670826577046,21515
65,3,Other,0.09650664229985238,44
65,3,Non-binary,0.17575015309246783,53
65,4,Woman,0.0363324114105593,22996
65,4,Man,-0.051343654697165335,21980
65,4,Non-binary,0.06780565936999466,33
65,4,Other,0.13510956960428816,37
65,5,Man,-0.052040383990685855,21385
65,5,Woman,0.036774377418289775,22380
65,5,Other,0.13900021092596496,29
65,5,Non-binary,0.1295446523120367,51
65,6,Woman,0.03804811686001183,22583
65,6,Man,-0.05308489604780902,21840
65,6,Other,0.12429731417863835,37
65,6,Non-binary,0.12570356472795496,43
65,7,Man,-0.04707404698671585,22376
65,7,Woman,0.03607567612947217,23635
65,7,Other,0.14029025570145126,35
65,7,Non-binary,0.10433013658820109,58
65,8,Woman,0.03192420544474657,22528
65,8,Man,-0.048602822660661196,21533
65,8,Other,0.11873887617594713,39
65,8,Non-binary,0.08321024126046282,38
65,9,Woman,0.03637181185363989,22280
65,9,Man,-0.046686680823000766,21269
65,9,Other,0.10019069972128501,48
65,9,Non-binary,0.16099071207430335,49
66,0,Man,-0.044474752031599805,22032
66,0,Woman,0.03141478041590782,23022
66,0,Non-binary,0.11248454882571074,66
66,0,Other,0.13350125944584382,27
66,1,Man,-0.04493121994620532,22389
66,1,Woman,0.03386282269195906,23076
66,1,Other,0.15292233787029624,37
66,1,Non-binary,0.20017145306472353,45
66,2,Woman,0.03840641162144568,23288
66,2,Man,-0.05054360691614437,22382
66,2,Non-binary,0.15600572498073326,72
66,2,Other,0.10993657505285415,44
66,3,Man,-0.04348413628086267,21853
66,3,Woman,0.030623556289167814,22643
66,3,Other,0.11291444470206351,42
66,3,Non-binary,0.08624094799210004,37
66,4,Man,-0.04749764101943019,21978
66,4,Woman,0.03613256141054429,22916
66,4,Non-binary,0.1177809977230387,29
66,4,Other,0.16837054037137492,46
66,5,Man,-0.047311360679446954,21531
66,5,Woman,0.032590506506105336,22853
66,5,Non-binary,0.19658119658119658,22
66,5,Other,0.11206725359105052,45
66,6,Man,-0.05069079293577935,21959
66,6,Woman,0.037261670975350075,23042
66,6,Non-binary,0.14311330270088538,57
66,6,Other,0.16425730086349083,63
66,7,Man,-0.05264035508927526,21756
66,7,Woman,0.03744833738377897,22748
66,7,Non-binary,0.10476891916774075,64
66,7,Other,0.1694006821503979,60
66,8,Man,-0.04437637846533583,22622
66,8,Woman,0.032435813288389855,23439
66,8,Non-binary,0.13164843455299885,49
66,8,Other,0.09077687553023875,52
66,9,Woman,0.03398171108953674,23441
66,9,Man,-0.04766797439402982,22483
66,9,Non-binary,0.10041265474552959,38
66,9,Other,0.14364928088719456,36
67,0,Woman,0.03492085067052225,23392
67,0,Man,-0.04625673422949698,22843
67,0,Other,0.12333255324128245,54
67,0,Non-binary,0.15426235421425993,26
67,1,Man,-0.04940556113106284,23208
67,1,Woman,0.03557163864707364,24247
67,1,Other,0.13296616837136113,39
67,1,Non-binary,0.10294117647058824,32
67,2,Man,-0.049682517334147434,22244
67,2,Non-binary,0.112797167425392,35
67,2,Woman,0.03606571285954466,23289
67,2,Other,0.1276564984820009,41
67,3,Woman,0.03703958452429309,24002
67,3,Man,-0.046271096775199985,23294
67,3,Non-binary,0.15122972265829407,34
67,3,Other,0.13913751017087064,45
67,4,Man,-0.04998953057682158,22484
67,4,Woman,0.03462273701265441,23460
67,4,Other,0.10946745562130178,48
67,4,Non-binary,0.11746707463083679,44
67,5,Woman,0.03456602137544092,23804
67,5,Man,-0.048367848595445975,22951
67,5,Non-binary,0.14246854811288676,51
67,5,Other,0.10926234054353856,31
67,6,Woman,0.03361599100349414,23998
67,6,Man,-0.04771404244804725,23086
67,6,Non-binary,0.12149532710280372,49
67,6,Other,0.1816257200531731,62
67,7,Woman,0.0346487383061167,23506
67,7,Man,-0.04798373134654003,22627
67,7,Other,0.15998066698888352,65
67,7,Non-binary,0.1314932281844677,35
67,8,Woman,0.035609796515797376,22759
67,8,Man,-0.04936216146535835,22186
67,8,Other,0.10154905335628225,51
67,8,Non-binary,0.0863509749303621,41
67,9,Man,-0.047222812296804875,22794
67,9,Woman,0.035395679725229674,23642
67,9,Other,0.16244411326378538,41
67,9,Non-binary,0.14195083267248215,40
68,0,Man,-0.04800604612380663,23258
68,0,Woman,0.03439314519728216,24374
68,0,Non-binary,0.13851992409867173,23
68,0,Other,0.14953539611073857,34
68,1,Man,-0.042281700168872796,23421
68,1,Woman,0.03178859910525034,24303
68,1,Non-binary,0.058615957655361685,30
68,1,Other,0.17749672917575227,57
68,2,Woman,0.032724856573590276,24601
68,2,Non-binary,0.14213197969543145,39
68,2,Man,-0.047818238633809865,23477
68,2,Other,0.14285714285714285,39
68,3,Woman,0.037231310542780435,23581
68,3,Man,-0.04808655174622181,22592
68,3,Other,0.15096873201611355,51
68,3,Non-binary,0.15525993348503414,35
68,4,Man,-0.042311510820451266,22728
68,4,Woman,0.034150722478674615,23784
68,4,Other,0.10127826941986234,46
68,4,Non-binary,0.15964437572477772,36
68,5,Woman,0.03195040540216125,23811
68,5,Man,-0.04576573695151152,23025
68,5,Other,0.1232449297971919,62
68,5,Non-binary,0.12585444310414154,42
68,6,Woman,0.03725612149967977,23823
68,6,Man,-0.050540864876409276,22885
68,6,Non-binary,0.16135454495179455,69
68,6,Other,0.16643266011448327,62
68,7,Man,-0.044873359072263384,23136
68,7,Woman,0.030632934829035376,24109
68,7,Other,0.14187199838794542,58
68,7,Non-binary,0.11282843894899534,39
68,8,Man,-0.04302270772798042,23366
68,8,Woman,0.03236045487436863,23862
68,8,Non-binary,0.1358855700462768,59
68,8,Other,0.11867250862310058,64
68,9,Man,-0.04628271117568504,22928
68,9,Woman,0.032509038989007887,23940
68,9,Non-binary,0.15874855156431053,35
68,9,Other,0.11508220157255182,44
69,0,Man,-0.05154048410683935,23967
69,0,Woman,0.03622402456280244,25127
69,0,Non-binary,0.12470125123014202,72
69,0,Other,0.11371949555058143,54
69,1,Man,-0.04593424739111971,23923
69,1,Woman,0.03352168962795247,24942
69,1,Other,0.13089628490650265,62
69,1,Non-binary,0.1646373742721016,35
69,2,Woman,0.03549910326333153,24562
69,2,Man,-0.048019229880078264,23758
69,2,Other,0.13675508095074063,34
69,2,Non-binary,0.11466611621426359,56
69,3,Man,-0.04592567358076016,23759
69,3,Woman,0.033434979414367114,24761
69,3,Other,0.1188231637832798,57
69,3,Non-binary,0.11883641013346119,48
69,4,Woman,0.03490451659592464,24768
69,4,Man,-0.047092655663373104,23527
69,4,Non-binary,0.1747953008187967,34
69,4,Other,0.10578695171396978,52
69,5,Woman,0.03437524081611481,24955
69,5,Man,-0.047646083578496375,23880
69,5,Other,0.1032177183451734,38
69,5,Non-binary,0.10027506876719178,66
69,6,Woman,0.035534322299767954,24359
69,6,Man,-0.048938589631425874,23509
69,6,Non-binary,0.16580310880829016,77
69,6,Other,0.08958837772397094,39
69,7,Woman,0.036535525789527824,24577
69,7,Man,-0.050454249526254165,23587
69,7,Other,0.11914199114012589,52
69,7,Non-binary,0.09859928591046416,36
69,8,Woman,0.034696443535102386,24514
69,8,Man,-0.04592514582598906,23672
69,8,Non-binary,0.13174695298897268,43
69,8,Other,0.10559205255568017,75
69,9,Woman,0.03547944324541791,24059
69,9,Man,-0.04758282791087059,23462
69,9,Non-binary,0.12616135389620547,44
69,9,Other,0.12956810631229235,55
70,0,Man,-0.04809829173480347,23877
70,0,Woman,0.03454117760967196,24816
70,0,Other,0.14215329488830417,59
70,0,Non-binary,0.12937633329150455,51
70,1,Man,-0.04233694034393984,23745
70,1,Woman,0.03285020134117408,24530
70,1,Other,0.08402590543958639,46
70,1,Non-binary,0.18284869393790046,33
70,2,Woman,0.035321050484639224,25102
70,2,Man,-0.047415749332500215,24141
70,2,Other,0.11888111888111885,55
70,2,Non-binary,0.1488750598372427,50
70,3,Man,-0.04453943418006373,23844
70,3,Woman,0.03166111154490261,24782
70,3,Non-binary,0.1117974058060531,46
70,3,Other,0.12253530292184552,73
70,4,Woman,0.03804873271651062,25147
70,4,Man,-0.054510074633363964,23767
70,4,Non-binary,0.16913484021823852,51
70,4,Other,0.10172603745868526,45
70,5,Man,-0.04508227017858064,24191
70,5,Woman,0.033077730775481595,25106
70,5,Other,0.11803913136959791,43
70,5,Non-binary,0.14285714285714285,50
70,6,Woman,0.03263952401765786,24588
70,6,Man,-0.04423390111682988,23494
70,6,Other,0.10949676396777175,47
70,6,Non-binary,0.14704476660825236,38
70,7,Man,-0.048285513269676054,23807
70,7,Woman,0.035749898343785,24790
70,7,Non-binary,0.1515014675999097,56
70,7,Other,0.14394661582459486,69
70,8,Woman,0.033602058465851015,24971
70,8,Man,-0.04836367516820655,23860
70,8,Other,0.12570356472795494,69
70,8,Non-binary,0.10626885685551457,37
70,9,Woman,0.03226114909133711,24245
70,9,Man,-0.04461248339538988,23262
70,9,Other,0.13564668769716084,58
70,9,Non-binary,0.10077316210195258,44
71,0,Woman,0.03463943185327342,24402
71,0,Man,-0.046277659484673404,23379
71,0,Other,0.1122095897182402,51
71,0,Non-binary,0.11032028469750889,41
71,1,Woman,0.03381323672026328,24627
71,1,Man,-0.04504811588533204,23836
71,1,Other,0.15504824025003397,63
71,1,Non-binary,0.1546536039188244,35
71,2,Woman,0.03758986146711096,25017
71,2,Man,-0.053389243999168286,24261
71,2,Other,0.12478910204336686,50
71,2,Non-binary,0.12149532710280375,36
71,3,Woman,0.0343675659603522,25348
71,3,Man,-0.04821962195718265,24108
71,3,Other,0.10192837465564739,51
71,3,Non-binary,0.10075797808139814,63
71,4,Woman,0.03717425898187255,24730
71,4,Man,-0.050212962671037004,23413
71,4,Non-binary,0.14370433125066184,63
71,4,Other,0.09371649152905853,56
71,5,Man,-0.04728855473279083,24064
71,5,Woman,0.032052060789303394,25161
71,5,Other,0.1003329955117996,62
71,5,Non-binary,0.12390164157754921,73
71,6,Man,-0.04731124589570032,24004
71,6,Woman,0.03468216906223528,24374
71,6,Other,0.16625631722171824,50
71,6,Non-binary,0.10073382254836556,70
71,7,Woman,0.03126870401403498,24942
71,7,Man,-0.0413874824236341,24073
71,7,Non-binary,0.1226944667201283,68
71,7,Other,0.15966927950177173,56
71,8,Man,-0.04986923386111844,24359
71,8,Woman,0.03654276371767171,24973
71,8,Non-binary,0.14635078333970192,45
71,8,Other,0.10626885685551456,68
71,9,Man,-0.043373923168515356,24323
71,9,Woman,0.03256683237203267,25005
71,9,Non-binary,0.22188927355773433,48
71,9,Other,0.19940029985007493,52
72,0,Woman,0.03553306838755686,22833
72,0,Man,-0.045202671054363944,22372
72,0,Other,0.16989470947614715,48
72,0,Non-binary,0.12216271359347107,70
72,1,Man,-0.04549877661315321,21831
72,1,Woman,0.034795581246937816,22457
72,1,Other,0.12728980742132456,51
72,1,Non-binary,0.13936591809775425,77
72,2,Woman,0.03468962035376295,22969
72,2,Man,-0.04741846696201691,22719
72,2,Other,0.12331871705178103,62
72,2,Non-binary,0.12394630034342803,89
72,3,Man,-0.044311440281059794,22313
72,3,Woman,0.033131537346415385,22884
72,3,Other,0.11439425918108906,68
72,3,Non-binary,0.08927898110519922,47
72,4,Man,-0.05094046837262106,22168
72,4,Woman,0.03736890410294362,22904
72,4,Other,0.1492680257217129,45
72,4,Non-binary,0.12994350282485875,37
72,5,Man,-0.045162383737183204,22803
72,5,Woman,0.03364789491234018,23017
72,5,Non-binary,0.10192837465564737,75
72,5,Other,0.1356466876971609,47
72,6,Woman,0.03519723687572426,23542
72,6,Man,-0.046054971562907464,22496
72,6,Non-binary,0.13232981352505058,70
72,6,Other,0.14213197969543143,50
72,7,Man,-0.04941041510479344,22017
72,7,Woman,0.03573130275146403,22853
72,7,Non-binary,0.10660272962006637,56
72,7,Other,0.12570356472795496,29
72,8,Woman,0.03401375645178187,23160
72,8,Man,-0.04739995545682465,22419
72,8,Non-binary,0.09090909090909091,49
72,8,Other,0.062349816618186414,46
72,9,Man,-0.04262487201212417,23032
72,9,Woman,0.030350447170679317,23760
72,9,Non-binary,0.18348753111351146,71
72,9,Other,0.1933174224343675,47
73,0,Woman,0.03334040527170328,14769
73,0,Man,-0.04107782721866128,15505
73,0,Non-binary,0.1482408361548653,43
73,0,Other,0.1677160847166571,59
73,1,Man,-0.04094072982617286,15214
73,1,Woman,0.03465570036821999,14714
73,1,Other,0.09126414335764746,67
73,1,Non-binary,0.10874988450522036,62
73,2,Man,-0.04450695523842856,14982
73,2,Woman,0.03464444926886327,14217
73,2,Non-binary,0.12335277597753293,46
73,2,Other,0.17618230825777995,25
73,3,Woman,0.029309273507240743,14913
73,3,Man,-0.039681653426453516,15346
73,3,Other,0.11482720178372352,51
73,3,Non-binary,0.08437173023875201,61
73,4,Man,-0.04296860349260782,15941
73,4,Woman,0.034211259010517414,15044
73,4,Other,0.09619509095241875,73
73,4,Non-binary,0.09598140152773164,67
73,5,Woman,0.03180443945157457,14586
73,5,Man,-0.03878793083421962,15235
73,5,Non-binary,0.15517905275317673,62
73,5,Other,0.14903683676917873,55
73,6,Man,-0.04399090982374982,15022
73,6,Woman,0.03319956693768412,14516
73,6,Non-binary,0.08968985750209554,41
73,6,Other,0.13713280086638688,43
73,7,Woman,0.0343851713940069,14489
73,7,Man,-0.04456886448903999,14829
73,7,Other,0.13280667759725742,62
73,7,Non-binary,0.14700822022557827,51
73,8,Woman,0.03345937010546357,15078
73,8,Man,-0.042013841241589474,15837
73,8,Other,0.14265927977839338,35
73,8,Non-binary,0.0941417825393207,53
73,9,Woman,0.03359562671814408,14833
73,9,Man,-0.0391158726956127,15875
73,9,Non-binary,0.13177041228779302,44
73,9,Other,0.11650987284193114,58
74,0,Woman,0.025508621210189656,6815
74,0,Man,-0.032581405190873,7978
74,0,Non-binary,0.08859993952222557,39
74,0,Other,0.09031437397783028,35
74,1,Woman,0.031601454473273644,6806
74,1,Man,-0.03710451596901784,7503
74,1,Non-binary,0.16448326055312953,25
74,1,Other,0.17000531820599182,35
74,2,Man,-0.03072701813976666,7624
74,2,Woman,0.03311396326151932,6653
74,2,Other,0.13646147223417995,43
74,2,Non-binary,0.08056189218393565,48
74,3,Man,-0.03362820833467682,7909
74,3,Woman,0.02965766900178646,6833
74,3,Non-binary,0.14942528735632185,29
74,3,Other,0.14535042268884643,47
74,4,Man,-0.03383538089897398,8223
74,4,Woman,0.030212220185479036,7093
74,4,Non-binary,0.13354587318455544,53
74,4,Other,0.14576702737110123,27
74,5,Other,0.1188159198181924,51
74,5,Woman,0.0262864955301053,6952
74,5,Man,-0.03453565568149838,8017
74,5,Non-binary,0.20160213618157544,50
74,6,Woman,0.029715547572165647,7009
74,6,Man,-0.027363523385310194,8098
74,6,Non-binary,0.10497237569060772,43
74,6,Other,0.1503697617091208,46
74,7,Man,-0.03446324081277788,7453
74,7,Woman,0.02938179863719877,6544
74,7,Non-binary,0.08991825613079019,32
74,7,Other,0.08387096774193546,43
74,8,Woman,0.021301963849791872,6809
74,8,Man,-0.026985101200281785,7644
74,8,Other,0.16031715335525043,32
74,8,Non-binary,0.12394630034342803,32
74,9,Woman,0.0315222307851238,7059
74,9,Man,-0.037351078079008476,7758
74,9,Other,0.1383399209486166,43
74,9,Non-binary,0.1328976034858388,43