sample_size,standard_deviation
3,0.35911199569357255
3,0.3623717562418744
3,0.35977050956818857
3,0.3634329847576536
3,0.36229762259956355
3,0.3616274825371732
3,0.3620109314870332
3,0.3626712269644648
3,0.3612277323515101
3,0.35922779299149016
3,0.3643618686852926
3,0.36264176391759895
3,0.3597284342088206
3,0.3602976927881884
3,0.36229400438895687
3,0.36227962785567164
3,0.36227354340058093
3,0.3628670838994837
3,0.362417468360013
3,0.3635550441715115
3,0.36528359328078736
3,0.3644531198354563
3,0.36091275836695585
3,0.36470820110373026
3,0.36135954104580137
3,0.36248943325634275
3,0.3629186585041754
3,0.359498447452762
3,0.3632459176927588
3,0.36268505769184284
3,0.362827224956816
3,0.3623672758522281
3,0.36006542861909707
3,0.3608240558078578
3,0.3622324433141629
3,0.3661623959742178
3,0.3630954481159621
3,0.36234906281294743
3,0.35984900496680894
3,0.36068153319480145
3,0.3626814771672697
3,0.363556165037843
3,0.3656676063286123
3,0.3615623192996984
3,0.3618178059779428
3,0.3643486777826629
3,0.36189101896408
3,0.36266722651773203
3,0.3634399510577928
3,0.3639590579376883
3,0.36424903089276245
3,0.3589526425447839
3,0.3640512273813805
3,0.3633011243478726
3,0.3652090024630744
3,0.36287498419596503
3,0.36425869959642077
3,0.36089169633419843
3,0.36369835966234576
3,0.36260558758099926
3,0.36216625778946737
3,0.3627830187083606
3,0.361713100058508
3,0.36134481490068676
3,0.3602796123918743
3,0.3606029893020839
3,0.3612809709026064
3,0.36195316488309304
3,0.36372372121212415
3,0.3607513416855654
3,0.3635909719819736
3,0.3594471850985519
3,0.3652547970896153
3,0.3623737269521445
3,0.36368725890498305
3,0.361904178317203
3,0.36708737273848785
3,0.36420106150851617
3,0.365847709916574
3,0.36162304871292933
3,0.36256649970565713
3,0.36209566154321926
3,0.36208486802312895
3,0.36154368879126
3,0.36065817124538935
3,0.36519993987344646
3,0.363185475122978
3,0.36015340772406457
3,0.36195191079588807
3,0.36304656046949857
3,0.36347226351177087
3,0.36195040019690344
3,0.3599442843087102
3,0.3652967642062953
3,0.3627230316450861
3,0.36184717796105104
3,0.36084333364536186
3,0.3628229204261184
3,0.36149083708477714
3,0.36173622400475197
3,0.3628934398713684
3,0.3606277237394266
3,0.3593849455719261
3,0.36138201398314707
3,0.36479321189947284
3,0.3614374405425913
3,0.3609230362394578
3,0.3618101551396216
3,0.36147257598223204
3,0.3591575151073176
3,0.36296389767570664
3,0.3610929465205238
3,0.3625656855926827
3,0.36254858032626164
3,0.36267972991080977
3,0.36120133873422766
3,0.36282346795709175
3,0.3586608087754457
3,0.3599153003169335
3,0.36288312235372766
3,0.36208823217830677
3,0.3627053204240625
3,0.3629985101645672
3,0.3630553491777034
3,0.36079080490969223
3,0.3605504475579933
3,0.3607943537076778
3,0.3648518841406545
3,0.36081244972818843
3,0.36086800507234096
3,0.36146685442549603
3,0.36013603188654214
3,0.35698703102430845
3,0.36364175865371706
3,0.3637325013807451
3,0.3617882511518395
3,0.36073932231558115
3,0.3631061347563888
3,0.361081900591793
3,0.36206941113225505
3,0.3652441834609281
3,0.3621162168820913
3,0.3663183662994982
3,0.36333201753548344
3,0.36339969063011224
3,0.3657344296775343
3,0.36282453125497954
3,0.3626223020403914
3,0.36217973404508913
3,0.36531540843918536
3,0.3630304210865551
3,0.361419539605457
3,0.3628669605889727
3,0.361436815624875
3,0.36219314219505977
3,0.3622189009631654
3,0.3605025848380752
3,0.36124649832136807
3,0.36175463346395953
3,0.3650494612460183
3,0.3604702580499891
3,0.3628962286005069
3,0.35820965453146386
3,0.36279279597285924
3,0.35883083974247576
3,0.35932652362027
3,0.3631942750418214
3,0.36132875659797187
3,0.36257921014969713
3,0.3626281070181387
3,0.36360356391950344
3,0.3632400398459227
3,0.36435278314807257
3,0.3639274583062361
3,0.3620903057615203
3,0.3621932669558602
3,0.36422741289574345
3,0.3645326242185669
3,0.36232994274809505
3,0.3622476647278397
3,0.3578016708445449
3,0.36060600314128655
3,0.3596434079290639
3,0.359554202528954
3,0.3623180670233227
3,0.36161210979824576
3,0.3578378606152615
3,0.3618170311920377
3,0.3628788198874342
3,0.36373095699819474
3,0.3591159097708128
3,0.3610968295766361
3,0.36295898451870595
3,0.3649717734350095
3,0.36090736290974623
3,0.36179629710191613
3,0.3644770999163683
3,0.36176792123430274
3,0.36572632061646815
3,0.36086987389175035
3,0.36205956717219795
3,0.3613023274336169
3,0.36239666638865425
3,0.3640652184668163
3,0.36722999563622705
3,0.3586879300883373
3,0.3613601754036341
3,0.36203422551269715
3,0.3607355554349447
3,0.3627705669490241
3,0.36163435630725566
3,0.36388583564681104
3,0.3626795110858969
3,0.36378596628655263
3,0.3610896302210679
3,0.36197115569097793
3,0.3619493910935979
3,0.36186742704307806
3,0.3611038566477956
3,0.36707998460609936
3,0.36263998353898963
3,0.36538000492449385
3,0.3628993351636311
3,0.36480625642048425
3,0.36220602401905955
3,0.36205842329954524
3,0.36280856745365236
3,0.3647630666047529
3,0.36174777037095535
3,0.3623878183912007
3,0.3611367611453531
3,0.36384303592030637
3,0.3646933116008807
3,0.362827291592411
3,0.3613864331280521
3,0.3609934364416556
3,0.35917508335003107
3,0.3626520235133523
3,0.3622221851199281
3,0.36058786397569464
3,0.36209479937138206
3,0.3599837942093099
3,0.3609220850817057
3,0.36187104698110334
3,0.3638496988379145
3,0.3616182485626108
3,0.36246277172164254
3,0.36352657920215803
3,0.3640083936854578
3,0.3612987260091972
3,0.3629386403583121
3,0.36026300456503585
3,0.36139374054996315
3,0.3629680700844283
3,0.3608032358484055
3,0.3602239327777
3,0.36596262904236737
3,0.36098421190912183
3,0.3630925506856917
3,0.36032188807509846
3,0.3639222108808875
3,0.3615652842880039
3,0.3647292232703431
3,0.3597175567868446
3,0.36258578719648354
3,0.3650321160011448
3,0.3612603860035763
3,0.36383744290202347
3,0.3649534711666069
3,0.36401227337867553
3,0.35989843767661545
3,0.3639457775489298
3,0.36241770846784965
3,0.3595193293886398
3,0.3596633672678201
3,0.3630043355212213
3,0.3622916797629227
3,0.36060528530050434
3,0.3619661142564903
3,0.3640053564534061
3,0.361460725882803
3,0.3622531321837783
3,0.361761110223308
3,0.3602524884114295
3,0.3607403793755225
3,0.3631159589149486
3,0.3623862268911111
3,0.36731031296441946
3,0.3629671818031168
3,0.363614812233422
3,0.36393915782473146
3,0.36369811185260764
3,0.36181009763043803
3,0.3626816551303805
3,0.36290606776248846
3,0.36049198496890905
3,0.3640119431055519
3,0.3613825896452461
3,0.3621531521682983
3,0.35891935655299245
3,0.3634794560281672
3,0.36446742023346534
3,0.3648909122191891
3,0.3588691508394598
3,0.3615749624205409
3,0.3609135721644344
3,0.3630043274735331
3,0.3639285651911299
3,0.3620165720497715
3,0.36315888732955587
3,0.36194440289382296
3,0.3639963085792419
3,0.3607476516251626
3,0.35834495333727406
3,0.36534746255445105
3,0.36336977109725993
3,0.3625720939904572
3,0.35847733239484864
3,0.3611795896523558
3,0.3644688851108423
3,0.364051470703952
3,0.36154290958715096
3,0.3623888513723908
3,0.36142578506848755
3,0.3617098902413538
3,0.3612571053677063
3,0.35963467725214543
3,0.36302305954983893
3,0.3623298912082434
3,0.36308538160016585
3,0.35899217010328777
3,0.3613524725516299
3,0.361381585449125
3,0.3648411806494808
3,0.36557921622783324
3,0.36345374976725103
3,0.3624233374207057
3,0.36030752963517454
3,0.3634734445066667
3,0.3645383381325586
3,0.36145047710059286
3,0.3619246971790918
3,0.362687690649979
3,0.3605077652248077
3,0.3618897157533406
3,0.3640758455399752
3,0.3598900287880462
3,0.35812757176534443
3,0.3649577515347296
3,0.36418466046838166
3,0.36429591204250833
3,0.362567669784919
3,0.35927784118006556
3,0.36104192800185125
3,0.36321693977687025
3,0.36285067802182824
3,0.3598701671384338
3,0.3623448958182931
3,0.36296238452267154
3,0.3636536252909303
3,0.3581535556597178
3,0.3628488547507913
3,0.36059492978462876
3,0.36062744099643523
3,0.3610106214377461
3,0.36227936937896266
3,0.3633486723008831
3,0.3624494109931987
3,0.3636440827963203
3,0.35926676256150936
3,0.3609323191919656
3,0.36110905834230084
3,0.3608377269969207
3,0.3610824187857087
3,0.36160890399467116
3,0.3632918156343884
3,0.36368956347365033
3,0.36222924374153037
3,0.3609608415598453
3,0.364230084851107
3,0.36116762390762547
3,0.36063784407387156
3,0.3636100015779686
3,0.3644167958832018
3,0.3613599741573158
3,0.3650828293950032
3,0.3613557390493029
3,0.36404293766317475
3,0.36458662765304284
3,0.3623335840146322
3,0.3633122067963448
3,0.36357416733091863
3,0.3608153513299929
3,0.36291981446758614
3,0.36332822489821165
3,0.36091056561413704
3,0.36180122443249746
3,0.36192776767746293
3,0.36160027287824614
3,0.36256719000281773
3,0.3593171498307467
3,0.36278499340846276
3,0.36242516116139084
3,0.3624630766807538
3,0.36253177236525863
3,0.3617333521631638
3,0.36282425814963504
3,0.3626650346152078
3,0.3619085857626201
3,0.36117412190292225
3,0.36309793348196184
3,0.36119059245968105
3,0.36041663883676134
3,0.3601678065796357
3,0.36203743489821094
3,0.36459245295552684
3,0.36091526382932426
3,0.3657353311063081
3,0.3619534115698097
3,0.3640975885593446
3,0.3645030533801897
3,0.3624041110642535
3,0.36515223737410857
3,0.3651681529103586
3,0.3646166409526165
3,0.35999895397793674
3,0.35859014478612933
3,0.3618115048085777
3,0.3618558345580109
3,0.3622844548687008
3,0.36085644810560547
3,0.363126394031633
3,0.3604502819486971
3,0.3617334970129498
3,0.36538768785040376
3,0.3600321460951229
3,0.36131970401791164
3,0.3617461217733757
3,0.3614470345270378
3,0.35893775453455534
3,0.36429895628900183
3,0.36126033888477727
3,0.36434646213641764
3,0.35853104981799155
3,0.36282611733019404
3,0.36548328617443726
3,0.36229938994448235
3,0.36140882448244743
3,0.36262909494422596
3,0.36167650852035793
3,0.3600194046075918
3,0.36256055068924187
3,0.36374461521505985
3,0.3601878131268305
3,0.36170725728785114
3,0.36125802306839916
3,0.3612032696489865
3,0.35921893616519573
3,0.36209360975846766
3,0.3635648623143821
3,0.36176176425889894
3,0.36328585199677604
3,0.36549749429060097
3,0.36179137862395777
3,0.36547498700423786
3,0.365752766708604
3,0.3622683271140397
3,0.36211271258514655
3,0.3593013211884189
3,0.3607416392703026
3,0.36603885868782676
3,0.36263920129474414
3,0.3629941430743547
3,0.3626475462458427
3,0.36237688336975754
3,0.36235891151702976
3,0.36304519627158344
3,0.3618769586709343
3,0.364128962311091
3,0.35963766659617685
3,0.36551850074980013
3,0.36327861674294526
3,0.3597746860753845
3,0.36147632981857053
3,0.3615169167509036
3,0.3644999524777313
3,0.36426803691898835
3,0.36031369391174434
3,0.3644497660101385
3,0.3635133739640327
3,0.3626792623020358
3,0.3636455535243155
3,0.36494655632270584
3,0.3595959403596337
3,0.36374156224469173
3,0.3640830330835026
3,0.3621224460916615
3,0.3610465282293469
3,0.36491368386570083
3,0.3617319197959011
3,0.366251737621057
3,0.3644946030263982
3,0.3604857603121698
3,0.3610296997146234
3,0.36407748977911025
3,0.3613811308766258
3,0.3634180570412855
3,0.36311043777566987
3,0.36379234599115134
3,0.3595765426859851
3,0.36099674189519787
3,0.36096098071558863
3,0.3617055896808405
3,0.36663562202261046
3,0.36624836658959264
3,0.36287094171869166
3,0.36262058855677815
3,0.3666360338995762
3,0.36558024750002505
3,0.3603243643243947
3,0.36046453218306773
3,0.36188405018061826
3,0.3649691615731824
3,0.36395693535799434
3,0.36043251105680185
3,0.36034249567257526
3,0.36255279777944804
3,0.3616659631944229
3,0.3595281461541218
3,0.3604646782356404
3,0.3613991027648666
3,0.3634020694729917
3,0.36391258678083166
3,0.3602600346941022
3,0.36288358334925896
3,0.3625542368103798
3,0.365462917307812
3,0.3603504732006304
3,0.36433957482775353
3,0.36461198546883583
3,0.3622036062367088
3,0.3651883403134613
3,0.36294200381974556
3,0.3616602230087707
3,0.3648850749002813
3,0.363540606611738
3,0.36426599235990254
3,0.36316049558809826
3,0.3630772612896218
3,0.3605707550520553
3,0.36021229440119495
3,0.35972338621419586
3,0.3616570390989769
3,0.3603921789726094
3,0.3643029157822336
3,0.36087576283866873
3,0.36137423504607047
3,0.36369306079742686
3,0.3609082165975196
3,0.36115703397300286
3,0.3635584854214216
3,0.3621274353505654
3,0.36253063449823697
3,0.3615783348213724
3,0.3621940321326272
3,0.36215468688661673
3,0.36260143185300264
3,0.36145699259627945
3,0.3627549288912691
3,0.36021844776301437
3,0.36351964713464124
3,0.35905317004440035
3,0.3607541396763366
3,0.3622875047498977
3,0.3659916549683232
3,0.3617634708142621
3,0.36556394102067724
3,0.36229056799525206
3,0.363902505734063
3,0.3646325519847043
3,0.3619402213268546
3,0.36224550390042537
3,0.3613195892898717
3,0.3617821506660898
3,0.3634274311023781
3,0.360510320485245
3,0.3592937627794637
3,0.35935929999941035
3,0.36310980081048905
3,0.36140861522164447
3,0.3645877304014361
3,0.36352385970329176
3,0.35960473758424744
3,0.3592281016996116
3,0.3639457850736773
3,0.3597157528140456
3,0.36472396127111467
3,0.3591320892637849
3,0.3619052562520136
3,0.36487559788710894
3,0.3620368680998778
3,0.36195571841466045
3,0.36184477701008483
3,0.3662523280204708
3,0.3619534499075188
3,0.36277506142660876
3,0.3627924406422685
3,0.3573968175025334
3,0.36030854233988124
3,0.3661530639215864
3,0.3637539587465106
3,0.3624888063317673
3,0.3629695550127439
3,0.3627978748218502
3,0.3631977935751347
3,0.3640656408938295
3,0.35909698856289063
3,0.3652468571748521
3,0.35994095741534093
3,0.3668145596369103
3,0.3620914733901952
3,0.36335001667429995
3,0.36472367699463504
3,0.36170460899003065
3,0.3624249497284664
3,0.36093752757596376
3,0.36498067713827914
3,0.35997017240734125
3,0.3617115657756784
3,0.36064786467887866
3,0.3581299800226749
3,0.36423644387085313
3,0.3609475889618629
3,0.36588075575874346
3,0.3622019020648249
3,0.3638846092781617
3,0.3601643100012908
3,0.36387251693875444
3,0.36153170671704077
3,0.3608175836883602
3,0.36474341669414256
3,0.36205104083656997
3,0.36115046553296504
3,0.3602577567047517
3,0.363367784781992
3,0.36248390993564317
3,0.36225313210855997
3,0.36096956479760617
3,0.3655407777151221
3,0.3612355723699278
3,0.3612871145512862
3,0.36064813453159583
3,0.3619925266179656
3,0.36321767354204737
3,0.36243735129981897
3,0.3645489483078305
3,0.3591237634852742
3,0.3627696970262079
3,0.36149303024537843
3,0.363513648193498
3,0.36261211761470763
3,0.35752546561534976
3,0.3597612321259317
3,0.3613428365157575
3,0.3600025245780016
3,0.3625611176631814
3,0.36151177929651407
3,0.3626390076750249
3,0.3612506253147295
3,0.35887831100912126
3,0.3608167628948953
3,0.3602417738895808
3,0.36026369146555504
3,0.3626573068631051
3,0.3595903246381836
3,0.36217492942779417
3,0.36333095213693134
3,0.3607814374921606
3,0.3624639579865216
3,0.36522036409462744
3,0.3631121452443823
3,0.3624145103288783
3,0.3634295362566852
3,0.3663308821524428
3,0.3626712767104229
3,0.36275554251296577
3,0.3620303730074973
3,0.3632863575346508
3,0.36259640837276047
3,0.36249236216991987
3,0.3626238975235106
3,0.3627986994238598
3,0.3607669973170677
3,0.36199993932513025
3,0.36109108417895486
3,0.36112164099989985
3,0.36232443891504956
3,0.3631126901872158
3,0.36378823810129307
3,0.36171301283398255
3,0.3626262303904109
3,0.3619938413369825
3,0.36529714864303847
3,0.35902400430257353
3,0.3637554540544437
3,0.36033711178630184
3,0.36220754762950114
3,0.3615208750838158
3,0.36135936747376196
3,0.3640469076946239
3,0.3634258699185845
3,0.3636462109196736
3,0.36639555908217575
3,0.3635444143193987
3,0.361692553763102
3,0.36158198697058214
3,0.36277008792158827
3,0.36286912628097756
3,0.3595044679236989
3,0.3637744018573391
3,0.36440725720417666
3,0.3609681287969942
3,0.36233208489352836
3,0.36275588195450165
3,0.36322549565326867
3,0.36266466397108005
3,0.36293914002909994
3,0.3613652670823326
3,0.36398682810973265
3,0.36147171054440275
3,0.3628079795320201
3,0.36032832783415925
3,0.3628485247162507
3,0.3620816520910215
3,0.3614998411627907
3,0.359971714812376
3,0.3605640424668374
3,0.3636719028291222
3,0.36141201083294217
3,0.36461936735976874
3,0.36289739530512416
3,0.3633544627858858
3,0.3588122999029987
3,0.3605836926258106
3,0.3650194232742432
3,0.3630041026772003
3,0.3598919950463884
3,0.364889398707682
3,0.3607830843682539
3,0.3610906448292926
3,0.3647139239757436
3,0.36115248779095166
3,0.36372005333921503
3,0.36037898054305006
3,0.36489316743362377
3,0.36422022043606017
3,0.36510216684724983
3,0.3632155474796797
3,0.3622207124300251
3,0.3640821737466463
3,0.36271616949919616
3,0.36521132290053915
3,0.3624464850909168
3,0.36720826353244906
3,0.36155880203597246
3,0.3654564401158353
3,0.3610051367946763
3,0.3620905326398123
3,0.36468433883332874
3,0.36087203085641245
3,0.3605753406520719
3,0.36159531209779333
3,0.365458970459318
3,0.3626922205167066
3,0.36277200707656954
3,0.36133079826977155
3,0.3652871781602288
3,0.3610654091741991
3,0.36473244027242885
3,0.3590673058681575
3,0.3663115796507773
3,0.3611526678898597
3,0.36134180950021433
3,0.36331781233491417
3,0.35945928837573804
3,0.36432358869373094
3,0.3624578596493191
3,0.3634567117974428
3,0.3619243230207154
3,0.36097360733662937
3,0.36482987803663214
3,0.36240766888628534
3,0.3604574902452617
3,0.36340147175280857
3,0.3614228524072929
3,0.3614619943958743
3,0.36070261965677625
3,0.3638235823366062
3,0.3611968939573996
3,0.36178485475192523
3,0.3656065536278161
3,0.36458893161100825
3,0.3639858836496794
3,0.3633233784711888
3,0.3614797738781132
3,0.35939911317916373
3,0.3599831852540808
3,0.36148265642214444
3,0.3617351999147087
3,0.3609468961600705
3,0.36244499275334213
3,0.3621912966605833
3,0.36244198638129577
3,0.3613683909545337
3,0.3611170870302916
3,0.361965212888748
3,0.36623506978346104
3,0.3636480865943779
3,0.36393435045552214
3,0.3641321689038688
3,0.3644360224052825
3,0.35806866444870517
3,0.36255106234342066
3,0.36169714186327084
3,0.3605447260688061
3,0.3622094631208669
3,0.36392768555613747
3,0.3616189138066158
3,0.3644480398790141
3,0.36104762136809443
3,0.3611162599885439
3,0.361544302274319
3,0.3626111736085091
3,0.3625575547296676
3,0.3625791866498855
3,0.361128377175908
3,0.36307614688105766
3,0.36527085406531234
3,0.36350681173588667
3,0.36267483462736455
3,0.3629568151017965
3,0.36284887636065977
3,0.36345078791512175
3,0.3592530814131445
3,0.3598208752284636
3,0.3633170877295693
3,0.3622346150510883
3,0.3602450322849662
3,0.362045624422105
3,0.3601427219837878
3,0.36461847161104594
3,0.3613555844012085
3,0.3644805773311503
3,0.36286178479043885
3,0.3633429580166784
3,0.3617798115975852
3,0.3642987065414375
3,0.36453656675324647
3,0.3628097543427012
3,0.36103919542235646
3,0.361676113713234
3,0.3621902358655733
3,0.36248195525227667
3,0.361492615712332
3,0.36520239694318396
3,0.362610389281832
3,0.3638392320348845
3,0.363894484599941
3,0.3592704814835436
3,0.3643140986479059
3,0.36413932200968435
3,0.36415916628335654
3,0.3623829764311252
3,0.3628046674338402
3,0.35775815453530846
3,0.3612248194527663
3,0.36285246004155325
3,0.36055956138079154
3,0.3646135875718225
3,0.35973498896382033
3,0.3628029828766985
3,0.36611660777920246
3,0.3648174013843711
3,0.36403175443592506
3,0.3638426181461976
3,0.36225375272973087
3,0.3647743242111192
3,0.3613974227420135
3,0.3624989470096018
3,0.3637378328256671
3,0.3651768087768
3,0.3653119890393039
3,0.36059402160416826
3,0.36033969965990426
3,0.36232299374392596
3,0.36264434717081145
3,0.3592683817695873
3,0.3612468546604224
3,0.3634023919442974
3,0.3644610109000746
3,0.3618854696586249
3,0.3606152900746466
3,0.36216263341531907
3,0.3650431958228
3,0.3608074205970386
3,0.36375454276402586
3,0.36168400020612773
3,0.3613964229039375
3,0.3606307399274492
3,0.36044929359776057
3,0.36480655079787444
3,0.3642404253224289
3,0.36504459169649606
3,0.36576653811596815
3,0.36072217323901157
3,0.3577802299583762
3,0.363298484948621
3,0.36306921334731845
3,0.3640429322780743
3,0.3622166055508686
3,0.3629125847514677
3,0.3657714308521172
3,0.36455405350665593
3,0.36426694152207306
3,0.36042930374940807
3,0.3635877477051605
3,0.36082941288253273
3,0.3647744238548252
3,0.36272253963000034
3,0.3588283908052228
3,0.3647485498745489
3,0.3609311869721678
3,0.36367169853779097
3,0.3636292483584397
3,0.36530599536905933
3,0.36261468659974216
3,0.3618308583245873
3,0.3629767562742733
3,0.3627255941685995
3,0.36232646324926326
3,0.3599786980265157
3,0.36492522977709196
3,0.3655716335078638
3,0.359865234739264
3,0.36378853373297604
3,0.3626812581186637
3,0.36216079762201675
3,0.36254568214858435
3,0.3629814881809559
3,0.35771251336198157
3,0.36145179311787984
3,0.36505479764523163
3,0.36047936846181444
3,0.3655026110294395
3,0.3638537989296028
3,0.3640903704480082
3,0.3650378402156361
3,0.36146564029172074
3,0.36346958252637956
3,0.36222617015616243
3,0.36044292829895097
3,0.36121165090552126
3,0.36079492617479153
3,0.36053923032949453
3,0.36528133141995744
3,0.3623399487910202
3,0.3608025638049145
3,0.3617289829462245
3,0.36454612394017477
3,0.3632258341896935
3,0.36234371807724514
3,0.36500009061984273
3,0.3618484221835267
3,0.36486910705193654
3,0.36205843131206955
3,0.36420931781547844
3,0.3610826226504278
3,0.3640861075195977
3,0.3606322107582879
3,0.3623461661999451
3,0.359822062028213
3,0.36334604849656743
3,0.36226703681161704
3,0.3606119978142168
3,0.3635856131602991
3,0.3630646117701534
3,0.36061671749253715
3,0.36369181354249236
3,0.36528599112135
3,0.3644434080041749
3,0.3581850761981557
3,0.36551168948354334
3,0.36318102306317823
3,0.3615936531607745
3,0.36505049401622464
3,0.3655731140787102
3,0.362559794898695
3,0.3623112103937647
3,0.36099713467229605
3,0.36056422289185447
4,0.35535946001567503
4,0.3582435914126539
4,0.35689964299058974
4,0.35786206420273586
4,0.3591478355914689
4,0.3585410850544504
4,0.3575845217367158
4,0.3594248065345112
4,0.36070027792866
4,0.35980486511595794
4,0.3596899491111247
4,0.35836808906370227
4,0.35552165869986846
4,0.3593244443289735
4,0.3584074533130749
4,0.3582563068724135
4,0.3541976834570499
4,0.36051586114647377
4,0.35668664566775626
4,0.35785095866061406
4,0.3563786398515654
4,0.3572481561355329
4,0.3553251689546159
4,0.36115684608238713
4,0.36148335321109143
4,0.354790159415391
4,0.3563035672683862
4,0.361270804427988
4,0.3540766950863893
4,0.35999563520695627
4,0.3557983787888258
4,0.35901020608549644
4,0.3607944210638639
4,0.3566068480209809
4,0.36223634203504446
4,0.3588153766770302
4,0.35861146373079456
4,0.35809724459750647
4,0.3594294218264347
4,0.3552092045234332
4,0.357531252577026
4,0.35931781917313604
4,0.3579593597251092
4,0.35550447486293646
4,0.361325842892009
4,0.3567796781844482
4,0.35796973293848117
4,0.35893729930362
4,0.35801128912248836
4,0.3578893460360126
4,0.35565420471536807
4,0.3572571543356423
4,0.35314210780229655
4,0.35710420088316097
4,0.3554563199516872
4,0.3590221465862142
4,0.3576046983020735
4,0.35552016706421175
4,0.35677000842865914
4,0.35582476589623174
4,0.3551439204650079
4,0.35982126429737593
4,0.35794274129459247
4,0.35965343079439116
4,0.36064109321466725
4,0.3613226662562517
4,0.35816930042783707
4,0.35495563386243534
4,0.3557991805232431
4,0.35571609735685866
4,0.35550264904088996
4,0.355082080109716
4,0.3548153294209462
4,0.35802440279390374
4,0.35874584447874164
4,0.3572952373895578
4,0.3555509949923385
4,0.3556909080622496
4,0.35843757440435253
4,0.3604674445777725
4,0.35731029840846024
4,0.35714539078702845
4,0.35675805454596277
4,0.3555541724509384
4,0.35748204251170984
4,0.35546763586318497
4,0.35287917144803543
4,0.3579401784269739
4,0.35887441270009207
4,0.36404612601047504
4,0.3587011689550906
4,0.3608975393060498
4,0.359224021989521
4,0.35648684965221644
4,0.3591533470884129
4,0.35900852331024113
4,0.35967112869527507
4,0.3590349952354207
4,0.3563182722615424
4,0.36064789090027444
4,0.35972341737266417
4,0.35682848237530806
4,0.3579914332844483
4,0.3588300206052824
4,0.3597128408710514
4,0.3614546587265425
4,0.3578703335600144
4,0.3590046014572224
4,0.35728697972491585
4,0.3583127959320902
4,0.35763549107819564
4,0.3563218766042544
4,0.35905657517062595
4,0.35757916502999726
4,0.35339564181204375
4,0.35944123103522124
4,0.35868256440786306
4,0.35664270485631694
4,0.3616667037413082
4,0.35941163617227906
4,0.35955778855584686
4,0.35941731334175037
4,0.36017896994316245
4,0.3605829144751615
4,0.3581861278186927
4,0.36032463872428067
4,0.35798116715629186
4,0.3561404787155757
4,0.35686437268761423
4,0.35561477895981286
4,0.35831391827555126
4,0.35947190216358876
4,0.3566132752675451
4,0.360040432864678
4,0.3597752989707574
4,0.3588733418954793
4,0.3572306382794646
4,0.3604736795302164
4,0.3570259577290829
4,0.3575764762205758
4,0.35826792399254515
4,0.35876416206825146
4,0.35796297576599606
4,0.35891383463940685
4,0.36094081147652873
4,0.3598894705372907
4,0.3555142883106049
4,0.35736683597201563
4,0.35735817877514786
4,0.3564995890732377
4,0.3581091283049925
4,0.3567537232202401
4,0.3585842733397911
4,0.35929008770930454
4,0.3614955140176286
4,0.36160711334974915
4,0.3596702976752779
4,0.3602513686150997
4,0.35977608269886346
4,0.35332877851734085
4,0.3557819211951606
4,0.35727049700833424
4,0.3575402298313213
4,0.3550005399341635
4,0.3595362852129339
4,0.3590417996195781
4,0.35706080832124365
4,0.3541188278282409
4,0.35549847343897123
4,0.3580413727363297
4,0.36061165605113193
4,0.35667706316271786
4,0.3584057642327828
4,0.3581346852482918
4,0.35965581178543227
4,0.35805594439553295
4,0.35945960430586177
4,0.35767301197727036
4,0.3560925434798164
4,0.36169538833711384
4,0.3549593337371241
4,0.3581013211466934
4,0.3583538083258123
4,0.3584950489080607
4,0.35590977808329805
4,0.35762022417668965
4,0.3603448828693996
4,0.3575971598480147
4,0.35809150628710984
4,0.3596455889810832
4,0.35889422216820155
4,0.35450636136926084
4,0.3608465573964854
4,0.3565978412084471
4,0.35890001144129774
4,0.35389465165997436
4,0.3604884450489047
4,0.3615802732865474
4,0.35808384031091656
4,0.3583452269620396
4,0.35761456996426993
4,0.35541603026471863
4,0.3577643053193686
4,0.3555256268311366
4,0.3559805040822237
4,0.35529700474497566
4,0.3575128905588291
4,0.35768878721466324
4,0.3605943966893554
4,0.3604042181936321
4,0.35758119496896945
4,0.35857535592832307
4,0.35459602880339086
4,0.3552478311508296
4,0.35628037892370434
4,0.36056692869104157
4,0.3590288928393146
4,0.35801055072421745
4,0.3577120403246181
4,0.36096836540990296
4,0.3583772020754295
4,0.3600600557376262
4,0.35881898184598215
4,0.358440122118809
4,0.35337017504135654
4,0.3595951537657381
4,0.35611705823539147
4,0.35835478579502744
4,0.35543850820076345
4,0.3612021387836473
4,0.3592841678821744
4,0.3578531313247946
4,0.35688163298194925
4,0.35923975749648074
4,0.36250331833558536
4,0.3585894808498723
4,0.35848706019252985
4,0.3579904199702845
4,0.3616700311492422
4,0.3585708598055196
4,0.361179850902718
4,0.3569577386040917
4,0.3566842494190645
4,0.3567950663692916
4,0.3600771574890543
4,0.3569732060867918
4,0.35854132912935677
4,0.35666726727013603
4,0.35915424771013865
4,0.3559662013373416
4,0.35656867809335624
4,0.36209853186478896
4,0.3568913946819963
4,0.3578209646223958
4,0.3576599304548629
4,0.36160049063193506
4,0.3596938750591378
4,0.3577731631155287
4,0.35885422735030204
4,0.3551306843228025
4,0.35912148906390373
4,0.35643675073042913
4,0.3552122692506333
4,0.35387688519246896
4,0.35921116818879356
4,0.35777965468665796
4,0.36014780411698316
4,0.3562674914482667
4,0.3609724434944252
4,0.35644690780625016
4,0.3555519927214051
4,0.35988332676543017
4,0.3568264668548036
4,0.357425493770092
4,0.3598090379328945
4,0.3603129994670024
4,0.3561901548315491
4,0.360503221781202
4,0.3550837996744882
4,0.3605823954969586
4,0.35769662498304594
4,0.35718527405717126
4,0.360347237540037
4,0.3590995484122309
4,0.35776581305176913
4,0.3595774255007088
4,0.357665190954182
4,0.3584843557501134
4,0.36228035731439273
4,0.35662797774489746
4,0.35909514597693115
4,0.35884520160372707
4,0.35597373544994987
4,0.3588180144455804
4,0.3550747578339186
4,0.36072436423714965
4,0.36006726253778915
4,0.35878665890061423
4,0.36077243438530365
4,0.35794976450846167
4,0.35698477485924596
4,0.3581428053166234
4,0.357544866543864
4,0.35738527219283645
4,0.3581484013829849
4,0.3592145499425408
4,0.3601684159224742
4,0.35942650369967216
4,0.35779124455175204
4,0.3601171938045625
4,0.36180457295043594
4,0.35867921300389094
4,0.35628235218942983
4,0.3580648332974662
4,0.3573963308154331
4,0.3566705926258223
4,0.35513458015605304
4,0.3597267540998395
4,0.3570075467358531
4,0.35560178242721047
4,0.36129498615956085
4,0.3564559469853622
4,0.3586881015549987
4,0.35498894716938817
4,0.3571140715362478
4,0.3602844984158957
4,0.3579286335749276
4,0.35761936860879795
4,0.3571597138230746
4,0.35613532060916064
4,0.36247851747914833
4,0.3565449993724034
4,0.35840574971110706
4,0.3585843213350044
4,0.3575070833531945
4,0.3586122593531736
4,0.3554464642329664
4,0.3591735433772795
4,0.36108648829514656
4,0.35716573987421646
4,0.3574125954457851
4,0.3587512902002416
4,0.36011272149743595
4,0.3589545775116956
4,0.35687592065510104
4,0.35953682371128226
4,0.35752907243229154
4,0.3570362660870093
4,0.3581806266778529
4,0.3577348992990619
4,0.35697408561650223
4,0.358651946879102
4,0.35721752671401114
4,0.3618838477860809
4,0.36021312908308395
4,0.36046744697954347
4,0.3571527552689232
4,0.3598596073503428
4,0.35834790651956
4,0.3559464830204277
4,0.3569043642223097
4,0.3595660928681538
4,0.35576484637039824
4,0.3578959125889161
4,0.3550679968888275
4,0.35910522897399605
4,0.35722776612486606
4,0.3610203317962908
4,0.35869224602950495
4,0.357198147395258
4,0.3594750216053695
4,0.35901592115894077
4,0.35851595586028334
4,0.35940557762776476
4,0.3603842503967643
4,0.355899950539991
4,0.35727996151899755
4,0.354532009154088
4,0.3600208616087556
4,0.35693321832888647
4,0.3606795182257619
4,0.3590961847757471
4,0.3580564624777829
4,0.3571605949943099
4,0.35653933991930536
4,0.35525702668006853
4,0.35658828990272795
4,0.3582677599519926
4,0.3580075237476038
4,0.3595043305692929
4,0.3584238749451233
4,0.35678589631446284
4,0.35664871731045666
4,0.3581088551358877
4,0.35595611842990815
4,0.35497355955337656
4,0.3575341854338142
4,0.3569004449927842
4,0.3583011048586457
4,0.35605437615305635
4,0.35898872206743365
4,0.3566432190416288
4,0.354885211726933
4,0.36169908346107
4,0.36000849538800445
4,0.35466091853523674
4,0.35920014568051734
4,0.3562985190178338
4,0.36042773184632165
4,0.35843643242521456
4,0.35840168943541323
4,0.35486389286831493
4,0.3566890758300417
4,0.3582118594915927
4,0.35543431366302386
4,0.3556730414506544
4,0.3577603545149477
4,0.35510949233773836
4,0.36109883951543803
4,0.35704043265238317
4,0.3581140565768075
4,0.3576155897055854
4,0.3582643863167182
4,0.3601803572819003
4,0.35625840905652006
4,0.3601787517089766
4,0.35860351537191826
4,0.35713617820568316
4,0.35654046934456574
4,0.35814179129832757
4,0.358411382942349
4,0.357573194118441
4,0.35933582062417635
4,0.3560275865650436
4,0.3602407905965134
4,0.35718314830882797
4,0.3549704387742077
4,0.35663469105479073
4,0.35796536066282325
4,0.3578537703634726
4,0.3554698948711331
4,0.3592723957211905
4,0.3557226296143802
4,0.35850973890753246
4,0.35562538986028
4,0.35250494039409996
4,0.35944431854932646
4,0.35341757217237146
4,0.358053367061053
4,0.3577947880315827
4,0.3585682483202881
4,0.36190674800098027
4,0.3573652797130719
4,0.35528099059228885
4,0.35896174545485643
4,0.3587088664674641
4,0.35544763168569676
4,0.3590371941568624
4,0.3606027325255913
4,0.3568089915606173
4,0.3586015731209038
4,0.35806962973204204
4,0.35701592309140334
4,0.3592156764911574
4,0.3588255722026521
4,0.3582886718273307
4,0.35728767201144634
4,0.35587336077125287
4,0.35860835066067936
4,0.35825781551352837
4,0.3612444480089331
4,0.3587415973219327
4,0.35653713544069365
4,0.35996816474850574
4,0.3583968146709016
4,0.3546404746724228
4,0.35474731350915767
4,0.3582625256347124
4,0.3580289262805625
4,0.3570874755712355
4,0.35503349863673184
4,0.357659122986876
4,0.35962210955947327
4,0.35763990139510465
4,0.3600537134016405
4,0.3623227551854973
4,0.3573081837087279
4,0.3604257726593676
4,0.3586140655311027
4,0.3571589847567641
4,0.35695533682125813
4,0.35315091295713713
4,0.3610200857794961
4,0.360172040485238
4,0.35902149167951164
4,0.3586570707393037
4,0.3558297975834139
4,0.3576200081081376
4,0.3588173299058181
4,0.35965658047674487
4,0.353362744443262
4,0.35689663118488574
4,0.3583378234307564
4,0.358545451214269
4,0.3604032148095298
4,0.3573746227712797
4,0.358952951747069
4,0.3605482124295439
4,0.3558656520754198
4,0.35913436855937486
4,0.3579649341796942
4,0.35857120998826747
4,0.3557815412661597
4,0.3576829058848316
4,0.35738025769187676
4,0.3546233168689932
4,0.35800720074413483
4,0.3595144721533108
4,0.35864602704208165
4,0.3567537717791876
4,0.3573379498053981
4,0.35831307887470004
4,0.3596201800747775
4,0.3563599010128189
4,0.3574357288907953
4,0.35577217797841165
4,0.35586766264700526
4,0.3546062939030554
4,0.35721483986213987
4,0.35701640567568016
4,0.35668930262441706
4,0.354468911011504
4,0.35694607005314666
4,0.3582050817698085
4,0.3559657770604673
4,0.35624861458851603
4,0.3531981960547714
4,0.3568013381916577
4,0.3573258377045683
4,0.35791706196567624
4,0.36212406260855157
4,0.35719585975600393
4,0.35958208971215094
4,0.3615704011444613
4,0.3585276155342954
4,0.3594873706532625
4,0.35893090471998645
4,0.35488187362917595
4,0.3589635407181069
4,0.3602800276243146
4,0.3595979110538488
4,0.3600937282218404
4,0.3610049513102145
4,0.36245226026108374
4,0.3597029161951302
4,0.3561247137690837
4,0.3572450761629104
4,0.35678268598512697
4,0.35649586645120557
4,0.3585877996223209
4,0.3552360024743469
4,0.3542339522159424
4,0.3577049838542206
4,0.35760018738729105
4,0.35733188071994176
4,0.35689534135569373
4,0.3580374754473021
4,0.3605477105252483
4,0.35574847806331195
4,0.35563513247363115
4,0.3600012307240047
4,0.3568592501816688
4,0.3581196654769194
4,0.3568755229799956
4,0.35862514748063606
4,0.3578530087042499
4,0.3591914886716414
4,0.35832572560029097
4,0.35865304968244044
4,0.3613631721038467
4,0.35818627077493836
4,0.3592686567461173
4,0.3585794305386551
4,0.3589097169137758
4,0.3518274724134862
4,0.3595617606186863
4,0.3615504809494209
4,0.3588334316250415
4,0.35938945283192714
4,0.3555552448663638
4,0.35817435052837115
4,0.35878242761133944
4,0.35547828870352494
4,0.3580604366272518
4,0.36022717262399917
4,0.3564912863911101
4,0.35810444734881625
4,0.35768501177678913
4,0.3589435397728179
4,0.35350208574108893
4,0.3616660910220634
4,0.35872297330523006
4,0.3590115134949497
4,0.3576872365572722
4,0.36309699588328925
4,0.35267414745074116
4,0.3558182881665674
4,0.35703332237705404
4,0.3538892681615947
4,0.35519057069388427
4,0.3553047382259315
4,0.3571340149748818
4,0.35857653488460867
4,0.35536833060144135
4,0.35757786632788263
4,0.3585619259227606
4,0.3578549844559101
4,0.35709363381763476
4,0.3600400118871172
4,0.35788844761132005
4,0.3589177608924027
4,0.35686883384526086
4,0.35855483749595946
4,0.3556568029019
4,0.35750614912372086
4,0.3564299623336677
4,0.3547336354003388
4,0.3593649772355434
4,0.35656464217579864
4,0.35696260493140636
4,0.3566284023730169
4,0.3566106390600183
4,0.3612159869690943
4,0.3559152948794598
4,0.35999698546707254
4,0.3593520503330252
4,0.35635039670524954
4,0.35945287143826354
4,0.3557164779132149
4,0.3577845812060679
4,0.36078004153000687
4,0.3589396321728409
4,0.3565606428573016
4,0.35951369604014843
4,0.3607792122561268
4,0.3578176876031267
4,0.35699504781012337
4,0.3592470116272751
4,0.3579402957948018
4,0.3588375649346911
4,0.35710222705273775
4,0.3565499554244663
4,0.35669774217642297
4,0.35479761392811027
4,0.3585391726107485
4,0.36034724820754144
4,0.36090872586767564
4,0.35764105765565674
4,0.3578365885588067
4,0.3565918866909195
4,0.3562497609799824
4,0.35596990784325533
4,0.36029304233544535
4,0.36000362283805515
4,0.35924578511780547
4,0.35738501433066633
4,0.35847677585397697
4,0.3596136560411484
4,0.36253664432968397
4,0.3564071687289906
4,0.3612279601128737
4,0.3581845885727543
4,0.35441266221389495
4,0.35511291801789496
4,0.35857093933465073
4,0.357391088307768
4,0.3602392283488287
4,0.3606207053951632
4,0.3590223760085412
4,0.35740659258163554
4,0.35890479215848303
4,0.35884190572612984
4,0.35623174157836357
4,0.35683487183700824
4,0.3552675333009332
4,0.357617338610133
4,0.3553226794462918
4,0.35447360469928607
4,0.3611369594195292
4,0.3519412475137165
4,0.355076812017835
4,0.3576079277230692
4,0.3615022117306919
4,0.35939836023111055
4,0.35676728828833487
4,0.360694535372719
4,0.3581827315663069
4,0.3579339713603252
4,0.3562953039062299
4,0.35884329669096277
4,0.35967192259991393
4,0.35831451073232984
4,0.36011456959008353
4,0.36034225239515305
4,0.3601329209106721
4,0.35487492865133136
4,0.361026630675064
4,0.3609124139505655
4,0.3558346190459487
4,0.35846772639999497
4,0.36055201343367943
4,0.36057060146965697
4,0.35940941443977864
4,0.3568098889454138
4,0.35956245879627113
4,0.3573224125441437
4,0.36035778153788933
4,0.362457994093822
4,0.35637043174303956
4,0.3586681303334956
4,0.35783766366794517
4,0.35422187135366945
4,0.35761226608390057
4,0.3563963803128615
4,0.3530518545709476
4,0.36183634997210623
4,0.3580335725888265
4,0.35572097999579416
4,0.3574937199891705
4,0.3561833970834568
4,0.35457902302996736
4,0.34924915541948803
4,0.357470392366608
4,0.3583501979460816
4,0.3595775659514659
4,0.356633971197228
4,0.3608258534590211
4,0.36099524294749474
4,0.3570844110681798
4,0.357401032586122
4,0.36016751102435957
4,0.3596353269078348
4,0.35845531626182475
4,0.35689461231775227
4,0.35863647940768834
4,0.3596682103864065
4,0.36116068098654286
4,0.3587849124705685
4,0.3578380039447554
4,0.35802990189170425
4,0.3567246733280913
4,0.3586993298619118
4,0.3574530204366032
4,0.35341861187914064
4,0.3588034266253761
4,0.35776981071875064
4,0.3587545537081523
4,0.3605926270753257
4,0.3581587068734743
4,0.35944998460878635
4,0.357803065239875
4,0.3628689155509115
4,0.35817461242425147
4,0.35226331015552076
4,0.3600245466130599
4,0.35896102542778285
4,0.36234192682793936
4,0.35860747181613467
4,0.35937604447650606
4,0.3583758633387536
4,0.35958944227180134
4,0.3556189651328093
4,0.35954062441796325
4,0.35751449041933075
4,0.3538159644442399
4,0.35589045188086454
4,0.35884280096281956
4,0.35609795682755646
4,0.3565088834517911
4,0.35980252308927335
4,0.3601268897615783
4,0.35638716950747673
4,0.3574189257045316
4,0.3571452755319255
4,0.35805571860705077
4,0.35735912767667954
4,0.3554471083603388
4,0.3573477794001475
4,0.3555840450797793
4,0.3590842839423794
4,0.3609068451564308
4,0.3594633535504264
4,0.3560762321220381
4,0.35769877011777296
4,0.35987577657793324
4,0.36162095203536715
4,0.35513251807494417
4,0.3599506704444724
4,0.35682281791583503
4,0.35703302729510983
4,0.3610271982573066
4,0.35744741645633626
4,0.35779926759454966
4,0.3542551124883902
4,0.36071261396188836
4,0.35519524432531474
4,0.35824639296259764
4,0.35489359603525156
4,0.35846951991189585
4,0.3551161880387481
4,0.35651863033075404
4,0.35421854016451587
4,0.3580738842751015
4,0.3576808648908084
4,0.35854626973819853
4,0.35689870013894076
4,0.3601722969250093
4,0.35957848054655045
4,0.3628186223041331
4,0.3598312983710189
4,0.35837593995492795
4,0.35544475076648674
4,0.35653573366834207
4,0.35819629294032546
4,0.3603891049570333
4,0.3588135463608844
4,0.3564996084836733
4,0.35609082507838696
4,0.35820102160213974
4,0.3562259714382872
4,0.3576937742749203
4,0.3587299861926923
4,0.35824258040145157
4,0.35660319177823574
4,0.3596725619786421
4,0.35645344516245847
4,0.358258000641238
4,0.35942422136519997
4,0.36163047557557443
4,0.3637247138927947
4,0.36057359720908205
4,0.35579266828670353
4,0.359594217372558
4,0.35666544334617484
4,0.3588743137648993
4,0.35879122561779975
4,0.357263798926604
4,0.3555735180073921
4,0.35901406801191543
4,0.3619371378361127
4,0.35668834468804084
4,0.35858287293808266
4,0.35695213650779634
4,0.3546215135478218
4,0.3592465429946947
4,0.35921571696159826
4,0.3572659372002985
4,0.35520647039501424
4,0.3557896970942497
4,0.3555864239795546
4,0.35988046033620474
4,0.35385489674948345
4,0.3594014221040503
4,0.3597549275613679
4,0.36054250775666546
4,0.3581011012168041
4,0.36254829898238344
4,0.35749804911112837
4,0.3548596231997361
4,0.3542410929066088
4,0.36005409672954214
4,0.35400203463993557
4,0.3582476863649574
4,0.3591190269868935
4,0.3566729681695894
4,0.362295901939187
4,0.35489931029825367
4,0.35079351796604036
4,0.3592447838159543
4,0.3573802759181549
4,0.35739862472845874
4,0.3566487739879614
4,0.3560577029149359
4,0.35736437890690986
4,0.3618464432493374
4,0.35684375988654027
4,0.35931756361918876
4,0.35927455284337007
4,0.3593605013037405
4,0.3587728714803263
4,0.36009151323957694
4,0.3575564301131446
4,0.35692319732702105
4,0.36008425308904596
4,0.3619397307718063
4,0.3603483260674691
4,0.3571097449640942
4,0.35681826706203534
4,0.3536722515122175
4,0.3577627477236375
4,0.3564043631454709
4,0.3570843084717253
4,0.3616273103084015
4,0.36200342337209757
4,0.3569565819448822
4,0.3590094383700008
4,0.3593109374122007
4,0.3581435058875064
4,0.35727027415084756
4,0.35683088219910597
4,0.3602070655912262
4,0.35508762614036493
4,0.3581918682712431
4,0.3567598848264143
4,0.35536696200433066
4,0.35735082422322223
4,0.35799861029634644
4,0.3581135173945107
4,0.35675555527206404
4,0.3583213622918
4,0.35764015441015035
4,0.3567236151450885
4,0.35810302598427446
4,0.3570657152445249
4,0.35915797830498447
4,0.3591028242697672
4,0.35482462292518013
4,0.35672995985149347
4,0.3571453055079602
4,0.3587629079838651
4,0.3577557260485326
4,0.35986082189737945
4,0.3583100892836281
4,0.3570188847335122
4,0.35450751824260535
4,0.35921246331137724
4,0.3588053919314125
4,0.35967249493543246
4,0.35811796113774247
4,0.3595530063784552
4,0.35339268128229734
4,0.3571340492789609
4,0.35653017013683846
4,0.355313776560149
4,0.3582770117770638
4,0.36009984795813693
4,0.35767457039516654
4,0.36021872526200005
4,0.35832596774084796
4,0.3584864794702
4,0.35870168654879775
4,0.35904353654923477
4,0.35658338483477187
4,0.3568699725681241
4,0.3595761771734239
4,0.35603884004259134
4,0.35790960402857835
4,0.35792591790811273
4,0.3609754117024396
4,0.358677581321186
4,0.3578321927534856
4,0.361704374118395
4,0.361615178176197
4,0.3623087572433951
4,0.35806173816352377
4,0.35811697542249005
4,0.3567947988734859
4,0.3552342305066598
4,0.3570027622860146
4,0.3594282698870941
4,0.35731845309339755
4,0.3591376916236981
4,0.35683947623755397
4,0.35504302834896156
4,0.36138209279750516
4,0.3589442421884862
4,0.3593155097040232
4,0.35969795562350626
4,0.35773318643457186
4,0.35976461129864934
4,0.3597151669545371
4,0.3533137495130804
4,0.3577059908799999
4,0.3588238703602012
4,0.3593651031260023
4,0.3608669518204534
4,0.3601049203971647
4,0.3627230725479608
4,0.3580901546585577
4,0.35800241325001625
4,0.3559463894614997
4,0.3583046478761128
4,0.3553805852590868
4,0.3568919339329231
4,0.3578793628727008
4,0.35849418180099796
4,0.35791385515980984
4,0.3576711794462174
4,0.3571711907250127
4,0.3591327675701113
5,0.34921975737541217
5,0.34787467844535264
5,0.35056750470031767
5,0.35024019068073803
5,0.347936491991511
5,0.3504645819381878
5,0.3508710172028174
5,0.3487914744433116
5,0.35150561289735166
5,0.35283374312234717
5,0.3518257796321187
5,0.3504299540849501
5,0.34766757602643444
5,0.35156776263143663
5,0.35001855729117737
5,0.3511070466856722
5,0.35191856275093497
5,0.35286541473108235
5,0.3506060815326642
5,0.3471536642819223
5,0.35100921461589746
5,0.35019982278418893
5,0.34997845258251004
5,0.3486545715629831
5,0.3507612055610547
5,0.34959691310538565
5,0.35042500534022747
5,0.34811698296754406
5,0.35176130988153337
5,0.3484737755876728
5,0.3500191956371092
5,0.3513414741758986
5,0.35085949826915847
5,0.3493657773494135
5,0.35161141840454274
5,0.35224977367660304
5,0.3503548719814559
5,0.351087261175208
5,0.3504637381745431
5,0.3501748567014247
5,0.35173579024422386
5,0.3491233095424115
5,0.3488812717334052
5,0.3497358755425814
5,0.34861798315663617
5,0.35101578422106244
5,0.3506694915694267
5,0.3495754102645096
5,0.3496990979586859
5,0.35071939394209434
5,0.3501285752448529
5,0.3516362603798485
5,0.34895895208314387
5,0.3510928765093779
5,0.34934556768211344
5,0.34996127790390935
5,0.3521772450622406
5,0.3522681992469496
5,0.3516252580594633
5,0.3504832897517449
5,0.3486790690223505
5,0.34981358561218895
5,0.349994774805943
5,0.3495666301549768
5,0.3496327185822164
5,0.34873183550687936
5,0.34932441069863096
5,0.3492396695338819
5,0.3500733592514911
5,0.35067557384163106
5,0.3522316817770207
5,0.3523201252464324
5,0.3475062451633807
5,0.3518988028548648
5,0.3510995518391007
5,0.35044447838582155
5,0.35259472031467226
5,0.34960808703209145
5,0.3500898983590555
5,0.3511533000283351
5,0.3496938189121642
5,0.3519968879778122
5,0.3512263224272838
5,0.34801149063579767
5,0.35209968951319903
5,0.3484289457623622
5,0.3494398603383707
5,0.35330802104013365
5,0.34847501631309935
5,0.35122099207674345
5,0.34942211719266847
5,0.3486928964894901
5,0.3527664306608068
5,0.3495983212932814
5,0.3499298599161151
5,0.3502145693395736
5,0.3526101424288274
5,0.34852176568547855
5,0.3485165369382865
5,0.35271169322948764
5,0.34950402184785023
5,0.34877503239652907
5,0.3522809061443991
5,0.3522552366048208
5,0.3501348483647638
5,0.3504313829601266
5,0.3513179586347756
5,0.35107354910461475
5,0.3499884553604888
5,0.35014727193485046
5,0.3499523578141408
5,0.34648505042007327
5,0.35054644762937087
5,0.34933456697552534
5,0.3509631803127353
5,0.3498309258513571
5,0.3508228721982062
5,0.3471199594666273
5,0.3485679152367924
5,0.3525004265972584
5,0.35083393804891216
5,0.350864691018319
5,0.35051037488841413
5,0.34979077394149555
5,0.3480601877585493
5,0.3499614631457751
5,0.3516747957854417
5,0.34906944697658737
5,0.34966112945618366
5,0.3473588442618471
5,0.35266839507106984
5,0.3493065263463779
5,0.3496532425408234
5,0.3501783553852765
5,0.34818986282242836
5,0.3479053725879206
5,0.3494325299421903
5,0.3505151037019883
5,0.3524957196947243
5,0.34930326798074596
5,0.34907009512373294
5,0.34962741533790226
5,0.3485792929440877
5,0.3507480928149235
5,0.35035806539505204
5,0.34989373405586793
5,0.3484027233414479
5,0.349506653717949
5,0.3538672077772133
5,0.3467209972814298
5,0.35204814347874297
5,0.3499398572757868
5,0.3523748645595346
5,0.34890685505860664
5,0.3489333255032548
5,0.3517749662560991
5,0.35192348528527323
5,0.35109416852369313
5,0.34958091715286754
5,0.34767211276222004
5,0.3523076802189985
5,0.35163575684115955
5,0.3468769584087381
5,0.3500704418579617
5,0.35101375671936363
5,0.3494334172175804
5,0.3481702635499756
5,0.35001488116220153
5,0.35023949250573533
5,0.34951596242846433
5,0.3474181694752182
5,0.348937862981868
5,0.35068847796314684
5,0.35160686201606317
5,0.34961562436120214
5,0.35027300184674576
5,0.35063013964379014
5,0.35043942347224427
5,0.34884711482928044
5,0.3524657482679325
5,0.3512543656863775
5,0.35054849199725685
5,0.34897493921512
5,0.34815901077295436
5,0.34882461803504056
5,0.3537262908573521
5,0.3505050664126888
5,0.3483699162404397
5,0.3511641462861626
5,0.3517954002195792
5,0.35272267637790317
5,0.34867680294558756
5,0.3502946049053096
5,0.35179580705075386
5,0.34875855549286
5,0.3511809495573458
5,0.34852974852065866
5,0.349830771105544
5,0.34910444264161017
5,0.3488440257297154
5,0.3496625647413128
5,0.3509612751342409
5,0.34857171990828345
5,0.348346117279268
5,0.3520815575351017
5,0.3484192995273149
5,0.34917249302432507
5,0.3504747658225653
5,0.3504323462555269
5,0.35078430743916084
5,0.3512614772918571
5,0.35006496688908545
5,0.3522382860843161
5,0.3484381379750769
5,0.3485597719405101
5,0.3474142958150455
5,0.34975743981867186
5,0.3511573694609866
5,0.34957612039320735
5,0.34826724088755906
5,0.3508315745183363
5,0.35040620246981674
5,0.35017258980998167
5,0.34995538958664213
5,0.3506961422990549
5,0.3513395755193911
5,0.35007221927420995
5,0.35085218001363466
5,0.35086503902538196
5,0.3468706775958707
5,0.3508990786789586
5,0.35101899372344975
5,0.34935726592544014
5,0.3500616480325625
5,0.3506186625305329
5,0.35054081247069196
5,0.3508108029365912
5,0.3497632324433313
5,0.348586962594789
5,0.351448004722102
5,0.35185254324235954
5,0.3519145800391464
5,0.34869484774926124
5,0.34959191326173605
5,0.3504289921695081
5,0.350750926352367
5,0.35178465741890763
5,0.3461020817818402
5,0.350417341176147
5,0.3472241129109021
5,0.35130785656390423
5,0.35241811018226377
5,0.3474747711029585
5,0.3513285333230555
5,0.35118353165866817
5,0.3507886441061959
5,0.3492331576172916
5,0.35303357821259496
5,0.35076721628088586
5,0.3508041855282861
5,0.3514093582361815
5,0.34963882498707033
5,0.3519797006930411
5,0.34842167898311477
5,0.352084075769868
5,0.3514769421657423
5,0.35122530449246897
5,0.3482984425914973
5,0.35212747897187363
5,0.35065270781028623
5,0.3489161333227668
5,0.35214936761634485
5,0.3464356043509739
5,0.35059807042542185
5,0.3520704602091047
5,0.3504568699741303
5,0.35041346871498397
5,0.34927111450422227
5,0.34947465058195276
5,0.3485897062168603
5,0.35154899190754396
5,0.3481854070048419
5,0.3487453326437943
5,0.3476198420862444
5,0.35248193755574536
5,0.3501336857978359
5,0.35203489689254236
5,0.35086425113747227
5,0.3473439251008893
5,0.35167592508809165
5,0.3491136661199749
5,0.34701986804374385
5,0.3486959155925212
5,0.3498116444877903
5,0.3511769395070906
5,0.3489350678533475
5,0.34900178090294204
5,0.3495114998708883
5,0.34676166476895354
5,0.34947210824429503
5,0.34912476208863097
5,0.34673915708873526
5,0.34913940762870876
5,0.3519877631433025
5,0.34680010104913983
5,0.3518599807561391
5,0.3478101710207767
5,0.3505655772165021
5,0.3519643282424536
5,0.34999432864354124
5,0.3518726291706994
5,0.3478258348442466
5,0.3507755752616353
5,0.3498314758100577
5,0.35137570331894047
5,0.3492054732743549
5,0.3517798331026337
5,0.35104777890095906
5,0.34922513907035974
5,0.34836265731744925
5,0.34975885694949793
5,0.34764849017120686
5,0.3458135135823106
5,0.3514009253576236
5,0.3513882849510698
5,0.34958078887600225
5,0.3494629056197862
5,0.35122446291216725
5,0.3493716575843057
5,0.34975353293686867
5,0.3508641746801404
5,0.35152100528455416
5,0.35142095740187224
5,0.349946220254181
5,0.35140856459838443
5,0.3481984208001637
5,0.34985712478181724
5,0.34873854259025117
5,0.3501655880071784
5,0.3518757672950488
5,0.34617804588493706
5,0.3512180381300955
5,0.3503817007658746
5,0.3510545183123139
5,0.3521509020546223
5,0.3507113351616444
5,0.35247079276589227
5,0.35341171618274664
5,0.3494149636932853
5,0.3478347547073717
5,0.3520777269318346
5,0.351696555413818
5,0.3489363749550774
5,0.3497896266966755
5,0.3495052438133852
5,0.35113643796063304
5,0.35097085620186236
5,0.34778160240774136
5,0.34722181431049326
5,0.35001838106396244
5,0.3492399246017196
5,0.3494866502861537
5,0.3503958885236705
5,0.35017129210588377
5,0.350190446457061
5,0.34934351179293516
5,0.3481303020728756
5,0.3512080512090068
5,0.3486769611280384
5,0.351758664054044
5,0.348700476666796
5,0.3495539468608614
5,0.35172833496400563
5,0.3507494653458081
5,0.34849759862744917
5,0.35025961585804294
5,0.34971626635616476
5,0.34992271763489546
5,0.3505414106287704
5,0.3487462912298355
5,0.34786098294617257
5,0.35245009723917864
5,0.34791335145896
5,0.349698435352953
5,0.35060840747257405
5,0.3491883977860106
5,0.3506400328978788
5,0.3496704605027325
5,0.3525158102986243
5,0.3505553336506351
5,0.3492317605029104
5,0.35257247742121706
5,0.3521579284333615
5,0.35210207993238984
5,0.34695018580676745
5,0.35040415378474843
5,0.3491215923488848
5,0.3462734044659214
5,0.3486113389299376
5,0.3498071202531822
5,0.3502632780748983
5,0.34993600398672065
5,0.34883490938811396
5,0.3502186066702693
5,0.3516861155197197
5,0.3504736621158466
5,0.35298406395208926
5,0.3487576099130612
5,0.3537328701873373
5,0.3468556593726116
5,0.34880635128369614
5,0.34821759189233886
5,0.35012860836070264
5,0.3512783924746954
5,0.3490619321376028
5,0.35365790350922066
5,0.3510374543555401
5,0.34892076483120193
5,0.3518372392106784
5,0.35214432123793327
5,0.34900218022592344
5,0.3504456812314098
5,0.3478547711225987
5,0.35338212871488184
5,0.3515427014883586
5,0.3520726050535809
5,0.3526931478654981
5,0.35079828779125
5,0.35054136700132865
5,0.3501907435554587
5,0.3503959623656318
5,0.3519236255400235
5,0.3498539907600786
5,0.34967687163891364
5,0.35078650342417655
5,0.35110654204136016
5,0.3505233108097174
5,0.35062319591938174
5,0.35002921540269244
5,0.3471273972839128
5,0.3506393954080072
5,0.3501472088152039
5,0.34777316085911764
5,0.3499521916620025
5,0.35259070033187534
5,0.3508790105681505
5,0.3514154364148268
5,0.3531239559285023
5,0.3466346925515155
5,0.34878925898589624
5,0.3508049379061842
5,0.3511992226587473
5,0.3493251232022104
5,0.34832794304172016
5,0.35165926911274
5,0.3495002078113866
5,0.35172226671625867
5,0.3495846847303271
5,0.35487534870344534
5,0.3531355190169284
5,0.3507164332423672
5,0.3486582567630811
5,0.34874663038763337
5,0.34945685185683867
5,0.3497542160996619
5,0.34691651178377336
5,0.3532935983449903
5,0.3519194214106572
5,0.34984551792889873
5,0.3505831140192038
5,0.3504008897799903
5,0.35284635469613523
5,0.34852631510045046
5,0.351857447077992
5,0.3507825917606929
5,0.3503637029339987
5,0.3495430494054518
5,0.35275667645952913
5,0.35050050458260407
5,0.34918102590566613
5,0.3512181667619525
5,0.3496184736248602
5,0.3521191377805053
5,0.3488454472830954
5,0.3515564946324071
5,0.3491544450805193
5,0.35155986959827795
5,0.3497378045968584
5,0.34814656660601395
5,0.3485730199080309
5,0.34826285861683565
5,0.34871952054727695
5,0.35116509733211293
5,0.3494438681143296
5,0.3495113735837094
5,0.3510006178697515
5,0.34912013013279275
5,0.34971780416154713
5,0.3504664137983906
5,0.3485883094099676
5,0.3494786800475302
5,0.3514588483299395
5,0.3506247288007775
5,0.35083852466160814
5,0.3487034683498128
5,0.34794740154585585
5,0.35110916958680405
5,0.349953363283949
5,0.35200382924358253
5,0.34825855552640106
5,0.35207543400540636
5,0.3487087294589752
5,0.35008225627547945
5,0.3502379658182171
5,0.34908813314307074
5,0.3478787646282274
5,0.3507723876988651
5,0.3516736400275217
5,0.34561100813945217
5,0.34770831609321856
5,0.34676932135827354
5,0.35083796484652435
5,0.34878806847797106
5,0.349945604161071
5,0.34931601036931453
5,0.3532291560154981
5,0.35023509017439247
5,0.35159900304294484
5,0.3493128388396598
5,0.347341520091801
5,0.35068663606114253
5,0.34924671660605155
5,0.3492776896698382
5,0.35342550987759136
5,0.35102433683684836
5,0.3502104747454693
5,0.3477881778191896
5,0.34823521557272696
5,0.3518161597178909
5,0.35134897322542114
5,0.3467149089833364
5,0.3507786710344935
5,0.349267055554939
5,0.34900771018763577
5,0.3516936782645906
5,0.3515405910202124
5,0.3518480015539628
5,0.3509902688595918
5,0.3520059916269218
5,0.3533221030388544
5,0.3481237751587462
5,0.3487778100107154
5,0.34966537614337
5,0.3505756099179498
5,0.35033251697535334
5,0.3485675934199468
5,0.35148547689933224
5,0.35106886066097015
5,0.3515085723518053
5,0.348578143935885
5,0.34883346452384434
5,0.3506645469306389
5,0.3514435080737679
5,0.35056506688461697
5,0.35088596087015494
5,0.35035912219086784
5,0.35271640075135163
5,0.348729474862404
5,0.3496704280012538
5,0.35114610326178
5,0.34956345718387133
5,0.3515072671518011
5,0.3520758750214038
5,0.3517488743810933
5,0.3490840826860879
5,0.35036833302591824
5,0.351641161846211
5,0.3501232096407734
5,0.34824047783661116
5,0.351372772105476
5,0.35162154240366883
5,0.3533824452660962
5,0.3485050559885342
5,0.34774521605972675
5,0.3508745817391495
5,0.34884828381867594
5,0.3510958624151808
5,0.3484596441709677
5,0.35274138933630816
5,0.3504089621374098
5,0.35005872195470633
5,0.3476828328201039
5,0.35155403760517323
5,0.3521138115535355
5,0.3491110830331418
5,0.35020349174327947
5,0.35140308705978446
5,0.3530496766907519
5,0.3496101417571291
5,0.35129645995818765
5,0.3546753701654714
5,0.3505141780338204
5,0.3489728244309361
5,0.3531947145741138
5,0.3503057480826263
5,0.35144768731461706
5,0.3477118375293962
5,0.3535801108245597
5,0.34917597033356373
5,0.3503164225284656
5,0.35330786435250583
5,0.35052997131649993
5,0.34983172892833053
5,0.3524608402126744
5,0.3483887812256824
5,0.3502950114441676
5,0.34895330918621087
5,0.34787552183232584
5,0.3516657708945898
5,0.34955204007829677
5,0.3522923407919344
5,0.34975947339065316
5,0.35182685513196754
5,0.3521708794328912
5,0.3510782290330286
5,0.3495899562640664
5,0.3492162317354623
5,0.35114236514293967
5,0.35133763447771205
5,0.35065795895856805
5,0.3502589767871385
5,0.3513217568498049
5,0.3477828828342379
5,0.34987463338483765
5,0.347905169560016
5,0.35305336345534805
5,0.35318570851227604
5,0.34907387869041057
5,0.34836684325732137
5,0.351449746223435
5,0.34976163441839825
5,0.35068919073373367
5,0.350556890365466
5,0.3491052707597252
5,0.35019419604096796
5,0.34874762022695766
5,0.35144284403450465
5,0.350325908042356
5,0.3518037547890747
5,0.34914423877524225
5,0.3515089587795805
5,0.347821798105246
5,0.3519383880524934
5,0.3491263417258272
5,0.3535584783111951
5,0.35133848085830627
5,0.3480530879402432
5,0.3477517035998969
5,0.3478805824970195
5,0.3483222757947459
5,0.3508080203813163
5,0.3472706889767623
5,0.350806005752206
5,0.3528365125203892
5,0.3494228734343372
5,0.35266424912527705
5,0.3502295904103327
5,0.34690902719093725
5,0.35026509492983104
5,0.34993416491734075
5,0.348759541013937
5,0.35245319221274507
5,0.35011239018929347
5,0.3492112693263176
5,0.35008930805647037
5,0.3483919737278784
5,0.3488675737130132
5,0.3544653212142641
5,0.3501926092401688
5,0.3501640667857206
5,0.3518243856653673
5,0.347651316407801
5,0.3507874683256991
5,0.3523810683759221
5,0.35499149863874935
5,0.35064665953440677
5,0.3513687570402967
5,0.3490599775453593
5,0.3515802612598335
5,0.35369394384718905
5,0.35042365796258634
5,0.3543237967190167
5,0.351770023104349
5,0.35265283940364717
5,0.3504676292164449
5,0.3492906748918288
5,0.35161179408138765
5,0.3506271658951313
5,0.3504958370155966
5,0.3495576657061219
5,0.35105329285588205
5,0.35200767926922455
5,0.35038059359929724
5,0.35000433632117856
5,0.35032035147620955
5,0.35218066342369675
5,0.3505141172871052
5,0.351012896757422
5,0.3509120701273461
5,0.350931679362305
5,0.34838338129800367
5,0.35059243897166215
5,0.3490047822579838
5,0.3501254425225229
5,0.3510816484053018
5,0.34953599442093564
5,0.3505422650187926
5,0.3528243685611239
5,0.34848918774139964
5,0.34814302845366996
5,0.3508292820222141
5,0.3491104541330572
5,0.35038373434075426
5,0.3523015936134286
5,0.3467978035309938
5,0.34891250111593813
5,0.3517957877220743
5,0.34631952546296096
5,0.35032867461391354
5,0.3532539261963487
5,0.3500569703233459
5,0.34923912707808474
5,0.34875121445027024
5,0.3530318870274171
5,0.3532230179529557
5,0.3475487224170957
5,0.34968956391369704
5,0.3510603288151838
5,0.3534616899819626
5,0.35452741650824393
5,0.3505907527172174
5,0.34762435449892193
5,0.35193168151223087
5,0.3492569180717832
5,0.3522996834788149
5,0.349599088877809
5,0.34677156369177525
5,0.3530163158030926
5,0.3468828696966199
5,0.3528174753354262
5,0.35041521950866106
5,0.3519968902909189
5,0.3489743247374077
5,0.3490824301150084
5,0.3456278476762536
5,0.3520131596432187
5,0.3488077963486316
5,0.3526840940971256
5,0.3506200810062372
5,0.35240036456728
5,0.3481238349627262
5,0.3509401930264367
5,0.34950289443538163
5,0.3514362928420567
5,0.350525047430881
5,0.34947609281232134
5,0.34966295991434876
5,0.3508050311780561
5,0.3517789539528773
5,0.3508055177226765
5,0.3494237037637388
5,0.3506777829530882
5,0.35189828362295233
5,0.34827822653831014
5,0.3514375643016097
5,0.3545157783875858
5,0.3477061493755178
5,0.35042703664618724
5,0.3475002462033482
5,0.34933380654734364
5,0.3513338316027891
5,0.35151575108151545
5,0.34720378350336395
5,0.34976949735137836
5,0.3490625139090406
5,0.35197861927613233
5,0.35317938736729304
5,0.35096337312929404
5,0.34927356922658276
5,0.3468540317728992
5,0.35010587917157454
5,0.34948093194695706
5,0.34756855729942143
5,0.34974391140712296
5,0.3500270315381021
5,0.34884943452487854
5,0.34848568639668887
5,0.35067299308174404
5,0.3500360398362221
5,0.35090149541462046
5,0.3509450141762257
5,0.34907706777668585
5,0.34941538360465585
5,0.3500873990050687
5,0.3514906394648741
5,0.3501591665898382
5,0.3504532624947478
5,0.35224460114187356
5,0.35163329776518554
5,0.35202464919181786
5,0.34971605464757133
5,0.34903891543572885
5,0.34847888045017517
5,0.353723061397039
5,0.34926664619535813
5,0.3514474481422323
5,0.34647768401373635
5,0.35141807681065174
5,0.35202482936354274
5,0.35282506794788365
5,0.34999250552138333
5,0.34759538869998646
5,0.3535458481343921
5,0.34885561047093605
5,0.3501626701229885
5,0.3483070775381208
5,0.3495675047357337
5,0.34887566066585646
5,0.3505170039810816
5,0.34705106363343274
5,0.3538212459953476
5,0.34974787473802726
5,0.3499503301670444
5,0.34814724739664415
5,0.3494792069458375
5,0.35157243421077505
5,0.3498823639697459
5,0.3486722848220227
5,0.3498588179856009
5,0.35144322894330843
5,0.3498766638645956
5,0.34761613274000747
5,0.35085115261585803
5,0.3520337174534403
5,0.3499219992770853
5,0.35162849824897274
5,0.3520562399994763
5,0.35052628906422834
5,0.351625009798815
5,0.350082296510723
5,0.3487050925493472
5,0.3510570808339722
5,0.3511517702739079
5,0.3483292992336127
5,0.34966990991242275
5,0.3501362171262111
5,0.3505408340431172
5,0.3517726302688439
5,0.3530564647718055
5,0.35095735213181634
5,0.34947498764823987
5,0.3486799856582739
5,0.35059081729141006
5,0.34809925559267
5,0.34837830546488857
5,0.34993528937944557
5,0.3512818678006539
5,0.34903023441039543
5,0.3528232186995182
5,0.34956181053879865
5,0.3497247675753614
5,0.35380810515580224
5,0.3525517931053557
5,0.35049692428846285
5,0.351117426634763
5,0.35223126546061306
5,0.34838647817647367
5,0.35046620304536347
5,0.3493844741550595
5,0.3508754345542466
5,0.3477125154990229
5,0.35103726596401996
5,0.35109415546619355
5,0.3507599639640956
5,0.3500573392811508
5,0.3481792003226715
5,0.34864586558666066
5,0.34785598551432656
5,0.3466014750979645
5,0.35161203028043775
5,0.3488903602393842
5,0.351835778794792
5,0.3521812020411129
5,0.34910137589089596
5,0.34824405987975676
5,0.34811280573898523
5,0.35021228930418663
5,0.3505762354161
5,0.3499476605132139
5,0.35100355776638115
5,0.3506289983512341
5,0.34911969068365395
5,0.35014298316661147
5,0.3487600206125648
5,0.3482332621798744
5,0.3482003210010552
5,0.34970532327540516
5,0.3523056777807207
5,0.3517645159270619
5,0.3490665752984802
5,0.34965936516214885
5,0.3489300336649468
5,0.3487672146646442
5,0.3508676830927532
5,0.34878581925828156
5,0.35090577204407014
5,0.3469557044198802
5,0.3522126322041576
5,0.35025814867215144
5,0.35124648300449507
5,0.34786747449369015
5,0.3516231020546316
5,0.35001791685813066
5,0.3508725227923957
5,0.35097389575112825
5,0.35241202980111425
5,0.34903384230025386
5,0.3489831379517629
5,0.3498424118207123
5,0.34900634742406755
5,0.34727918601935726
5,0.3488752525227964
5,0.35154872442469
5,0.34834466044510515
5,0.35519509600747223
5,0.3512615336029595
5,0.3481459208797507
5,0.3532900868851685
5,0.3504641431378148
5,0.3514683824022167
5,0.3513028054615051
5,0.3485115465078845
5,0.3511437537379942
5,0.3516754702159419
5,0.3480117457471102
5,0.3475953099540277
5,0.3488358374905223
5,0.3463973534816772
5,0.35253797470295245
5,0.3463671100008889
5,0.3508068743772943
5,0.34552655261469434
5,0.3515216423161084
5,0.35030793008317557
5,0.34889701426099246
5,0.34937291490706873
5,0.35096696618034506
5,0.3525639551582748
5,0.35083064213024295
5,0.34951566553672325
5,0.3498187732186033
5,0.3492356242897496
5,0.3505089332795261
5,0.35044867968717985
5,0.34989795576193317
5,0.3491414355427449
5,0.3502114500043158
5,0.34974994780167545
5,0.34752334614025293
5,0.35380006200104075
5,0.35186841444780376
5,0.35007597128772655
5,0.3489253495316816
5,0.35103021105606774
5,0.35193141833664887
5,0.3499342247459845
5,0.3516647933502098
5,0.34969675034054487
5,0.35041553092937
5,0.35108036732468084
5,0.3496882567102143
5,0.34871908828676473
5,0.3488433411064187
5,0.3488373586945671
5,0.3517755455891576
5,0.3517552146012575
5,0.35312938917092
5,0.35145536148604206
5,0.3492173886449741
5,0.3525280956539606
5,0.34913444298723634
5,0.3522409333629509
5,0.3472780079010243
5,0.34656692177314335
5,0.3489356599587395
5,0.35060890598082073
5,0.3467347459998005
5,0.3477892946136536
5,0.3504684647961725
5,0.35169968102673277
6,0.3604856388030307
6,0.3895369031297163
6,0.3804029589150165
6,0.3561189156282024
6,0.37029425281180467
6,0.3993779799931377
6,0.4209080062059905
6,0.37818976347088484
6,0.3943465143326567
6,0.3670892962693624
6,0.37142777950476535
6,0.3399788585839976
6,0.37444390874151035
6,0.3814273883805793
6,0.3811045119975706
6,0.4090416413894019
6,0.38665451617350866
6,0.3782978320234351
6,0.3880118655596921
6,0.3624208958157707
6,0.3658405063473305
6,0.3918107662732824
6,0.36521991807520005
6,0.37811883873876256
6,0.33454472436399924
6,0.40017061606611865
6,0.3726779962499649
6,0.34387727044190797
6,0.37087690295332426
6,0.40975410764477027
6,0.3823690599952567
6,0.38695206322254533
6,0.3761615541636973
6,0.3692804220616496
6,0.36385975739185955
6,0.36157011532319633
6,0.38200264083087193
6,0.39957550438612893
6,0.3832031578603896
6,0.3779819709594233
6,0.3512706241820619
6,0.3859052186010337
6,0.40271790742772157
6,0.3856106335392039
6,0.3994059491713231
6,0.36881453731182656
6,0.3752218265798436
6,0.4113833812561409
6,0.3650177186173317
6,0.3860884501049465
6,0.3926833612166584
6,0.382108265175096
6,0.39158470785870786
6,0.3877664397435436
6,0.39578811461739727
6,0.3690940226413303
6,0.3739456183417478
6,0.33907098932593616
6,0.41813495904852954
6,0.3825533749798462
6,0.3812186641586592
6,0.4061666379948708
6,0.3961760284829894
6,0.35965994524536066
6,0.3752796621690606
6,0.39090476331510216
6,0.3925915979950177
6,0.3852182831868952
6,0.34834106607820203
6,0.39460520550705885
6,0.3732225409927431
6,0.40111319823281766
6,0.36246087759754
6,0.3668202922737419
6,0.3886551030186528
6,0.3810065448085557
6,0.3926441352442363
6,0.3739051594002426
6,0.3671709019558094
6,0.39232029935967494
6,0.37042469779942
6,0.3698003762468915
6,0.3751158092965431
6,0.37589456994214065
6,0.4031069187386104
6,0.3515236639266192
6,0.3857412297075544
6,0.38506808715960744
6,0.37735790689872906
6,0.35828109463116337
6,0.3551624077295394
6,0.4051471584221631
6,0.4017633851706967
6,0.37421816743473163
6,0.3529418777475536
6,0.41315819553761807
6,0.3365970584511632
6,0.3769405164887282
6,0.3841072646551157
6,0.36628985450326856
6,0.37846306213521774
6,0.3597062895837128
6,0.3827697104854647
6,0.39643360220065044
6,0.39164183002608405
6,0.39436990426449875
6,0.4091753449467754
6,0.37402940680200053
6,0.36068173864969466
6,0.3872612399202493
6,0.4189392432772425
6,0.4104443702695169
6,0.3620046878750716
6,0.36380487710308196
6,0.38553245876356085
6,0.33852140268695446
6,0.38676240469785905
6,0.37122353296142685
6,0.3668923394902862
6,0.3794003225854428
6,0.35183858506267884
6,0.3662396253087787
6,0.40675390243592047
6,0.38919024004159963
6,0.38553362519151196
6,0.40539978879342137
6,0.40977088784397286
6,0.3938152614578653
6,0.370843917105861
6,0.3676205554153907
6,0.3635541777145694
6,0.36950475186769827
6,0.38863685916968155
6,0.3915973184867136
6,0.38007222404373214
6,0.4041769821916653
6,0.385479281018158
6,0.3784456366345984
6,0.3596230021893812
6,0.39406899107040483
6,0.37363575263261717
6,0.3408136676864392
6,0.39126982270170513
6,0.3236257365424835
6,0.37224660476357724
6,0.35884399159104224
6,0.37595926618598025
6,0.3786580282483158
6,0.3508525771092433
6,0.3473253815011517
6,0.3663688317224867
6,0.35428812710518653
6,0.3753279055123695
6,0.3789590488671487
6,0.35571431469021714
6,0.4074181963336546
6,0.3713963021403775
6,0.345787378797402
6,0.3685150613833852
6,0.37348340047095857
6,0.40300712335410077
6,0.38121530036302764
6,0.34188030570619665
6,0.3589886715463637
6,0.3957210455655337
6,0.3707822631141042
6,0.3778712228473809
6,0.4064478482150756
6,0.41924234643217423
6,0.39342502355372505
6,0.3473061504727718
6,0.3971817946274675
6,0.36928248899438765
6,0.3442818293169127
6,0.34864427413362636
6,0.4100357309737355
6,0.36751610097089127
6,0.3772834689119634
6,0.3698002380176767
6,0.3813512850233977
6,0.35438965024732344
6,0.37923000579191757
6,0.4131577668908058
6,0.3937417921025403
6,0.4137761317973707
6,0.3862169485575889
6,0.36603119957235425
6,0.38448092429845737
6,0.37871638162589694
6,0.3875248447462789
6,0.4010393624166712
6,0.37561121755169685
6,0.3650334915387826
6,0.36598331455889666
6,0.354062773058376
6,0.36766746987358084
6,0.3814141335891751
6,0.37910718847355307
6,0.39245146427957367
6,0.3536412501492673
6,0.4008764248101584
6,0.36059169402196806
6,0.4041505027412181
6,0.39173629189031506
6,0.3864896190524026
6,0.3935351470849829
6,0.3516655759911049
6,0.38961332236617324
6,0.38709011662097814
6,0.40965828685771644
6,0.40629470817613456
6,0.3854638132051887
6,0.37225093214293853
6,0.41031655320723326
6,0.3629225592084846
6,0.3504900635547747
6,0.39398321169288175
6,0.38537008317992333
6,0.3830253335417007
6,0.4144111051135383
6,0.37422959236368153
6,0.37136782473363866
6,0.35111075557938204
6,0.39786727996960053
6,0.3918009389952757
6,0.41291346901589054
6,0.40075214692817607
6,0.3619105370289322
6,0.3568080842395189
6,0.4027230544503984
6,0.36643224064064056
6,0.3731195693854977
6,0.38785424811703584
6,0.39592746532695156
6,0.3396908027951474
6,0.341578688396212
6,0.3895485525675595
6,0.3674028762643928
6,0.3718709209650714
6,0.4023805076687234
6,0.3691477621734816
6,0.3792944097088035
6,0.38174536530622794
6,0.36910936348382817
6,0.35901984940992476
6,0.3868613655712045
6,0.3468947183184328
6,0.40420033338628536
6,0.38995774912852244
6,0.38626641952147833
6,0.3838629642554304
6,0.3699080405636314
6,0.3835067161961935
6,0.3540450674574907
6,0.3597086720371866
6,0.37650450160740406
6,0.36271573755577113
6,0.3951182209522358
6,0.36612876104451814
6,0.37622886939887806
6,0.38779248378170356
6,0.41528844084078276
6,0.35576797554668904
6,0.3601563497422001
6,0.3683855692669556
6,0.3869014576347706
6,0.3566705738131669
6,0.37498971179302676
6,0.34945462774684405
6,0.37274762720795795
6,0.35780942151148704
6,0.40949350746981644
6,0.3612371786374196
6,0.3746828063672063
6,0.3660752462484288
6,0.3725857758510812
6,0.3785157202007584
6,0.38643671323171835
6,0.35616816471513535
6,0.3828270335258525
6,0.3730345049229028
6,0.3849637151684812
6,0.35527658349464086
6,0.375134693356095
6,0.3560790634274178
6,0.39847844728634896
6,0.38665451617350866
6,0.365257736085571
6,0.3834961628630631
6,0.38075376616603657
6,0.36699126134780014
6,0.3618987868664191
6,0.4009249281383021
6,0.3724196295462693
6,0.36980811649155887
6,0.3784903572022007
6,0.348354924259605
6,0.36799377296592145
6,0.40430848876860603
6,0.41976570289214005
6,0.3610421573571876
6,0.37797226922570704
6,0.3820935901146531
6,0.37478205413714083
6,0.363411303353365
6,0.37795439883644527
6,0.38237000167614893
6,0.3598287158791743
6,0.3980187676403455
6,0.37908412995912283
6,0.36612678343549454
6,0.3539660466413987
6,0.3716078921983504
6,0.3720855696691346
6,0.380987855797946
6,0.37604395225592313
6,0.38518603038567095
6,0.38879871813847433
6,0.41274408440311244
6,0.31356129444830677
6,0.37323787337081127
6,0.4049724370587233
6,0.3543255657290475
6,0.37987697990112873
6,0.4007151400169632
6,0.366977502786917
6,0.3922686425427183
6,0.39017656921648486
6,0.3795406498735713
6,0.38908060439570524
6,0.38926940479166855
6,0.39630288471190367
6,0.3784976235659934
6,0.3837420965088358
6,0.3622011520177812
6,0.36297015642565955
6,0.38471074445920644
6,0.3991828990662709
6,0.3789108666188583
6,0.3585799918266124
6,0.40037619094558335
6,0.41010917355162985
6,0.3635803302788209
6,0.3780184132616477
6,0.3376256114650018
6,0.336619158564182
6,0.39073058424140095
6,0.38016120214240245
6,0.3762236302753368
6,0.38341224614642844
6,0.3803359129994725
6,0.38638917435468967
6,0.3299049603097241
6,0.3869395588747966
6,0.3809489461082718
6,0.3713778239441024
6,0.37436236748051654
6,0.35910411853079716
6,0.3657808016247729
6,0.4039416627270435
6,0.36937195828102115
6,0.35144052654237085
6,0.3981064227972053
6,0.3898182946902872
6,0.38650455613165074
6,0.3821643439280809
6,0.35665173866578603
6,0.37094610134224365
6,0.3730466498686671
6,0.38989041163634897
6,0.4015546038682243
6,0.40824134740668566
6,0.39160248021818334
6,0.38741655864140734
6,0.3820439777664434
6,0.3815799433506722
6,0.41259269052278086
6,0.3504266104232011
6,0.3565646348614559
6,0.39132042300583264
6,0.3824832732884335
6,0.3609506636560112
6,0.40763306356411616
6,0.34834315057662096
6,0.3881766565917937
6,0.4068235260501077
6,0.3852016758642989
6,0.3887358631794627
6,0.385960864254054
6,0.3967372936199842
6,0.4041407252798533
6,0.3783341028699703
6,0.3992674137455131
6,0.39220251852070065
6,0.40309530841278596
6,0.36630399603276403
6,0.4055057110532309
6,0.3905940610643235
6,0.38450014967782503
6,0.3948072026606496
6,0.38433447462207904
6,0.4065733452450982
6,0.37697357014154587
6,0.3604288815781073
6,0.39866500005282074
6,0.38082727379560183
6,0.410811387561674
6,0.3874361055151363
6,0.3850112458658301
6,0.4131160520703606
6,0.36996588577416345
6,0.35571705129532316
6,0.37604517591742403
6,0.3766469976063589
6,0.3880618912304643
6,0.3798131013744367
6,0.37142353929786737
6,0.39291554807149454
6,0.3738700269354335
6,0.35238331574523574
6,0.39652714078274354
6,0.3947492407689222
6,0.38413138167852373
6,0.39802524091977
6,0.3969439938217996
6,0.40165540159162727
6,0.3792637155590295
6,0.40415015884192335
6,0.3755284359898681
6,0.35159262709782935
6,0.40135081191745964
6,0.3907618266857769
6,0.3537860724872583
6,0.37861158544403645
6,0.35181413815823975
6,0.40647773298760337
6,0.3887313541173664
6,0.36195119594043446
6,0.36227205040265426
6,0.37849624479352456
6,0.37405415658614083
6,0.3532132409839974
6,0.3766457986758554
6,0.38197246984081995
6,0.3423826616343061
6,0.3907333887191051
6,0.38845766355620637
6,0.41098967438014766
6,0.37236473823629823
6,0.387858453650589
6,0.37740843376262967
6,0.37040770805562173
6,0.36495780820954976
6,0.36618083580328503
6,0.3798054234714903
6,0.3843862709313745
6,0.3882528591588792
6,0.4055858456204325
6,0.3622711333206162
6,0.3789151439807672
6,0.38569262487126715
6,0.3959902850204573
6,0.3701652420167328
6,0.37933307840178504
6,0.3535421211473461
6,0.3107175746062613
6,0.3964976382514646
6,0.3946139133906902
6,0.36314889193245675
6,0.3455603034860774
6,0.3834445298943485
6,0.3801454747995588
6,0.3911825910477313
6,0.3735183046263247
6,0.3584237092776052
6,0.35883858002262137
6,0.3740348783322498
6,0.3788480600257292
6,0.3990432092555078
6,0.39323471277892746
6,0.3933977330125915
6,0.3664771423914183
6,0.398961755816038
6,0.3928534988972051
6,0.401642578411172
6,0.3830144575009171
6,0.3850823807383384
6,0.34328491307020753
6,0.3930536847809876
6,0.35495387854234794
6,0.38973102728515785
6,0.37275681034948954
6,0.38214948491772466
6,0.3437286971787616
6,0.3483682352517878
6,0.3641437354479774
6,0.3685193756295928
6,0.3563230931725468
6,0.4035685375921061
6,0.38850586314586094
6,0.3652948974747881
6,0.3521332131168231
6,0.39394718716678895
6,0.38669916451874975
6,0.37764305014827904
6,0.39081020194932126
6,0.3902496692799125
6,0.38249421408673867
6,0.36306625664012215
6,0.4006035856205298
6,0.38417098081080553
6,0.3924925793996088
6,0.36791991973806926
6,0.3883274263958934
6,0.39794412583985744
6,0.3616252580817997
6,0.3783522697751453
6,0.4152702673434421
6,0.39751966683660506
6,0.36411339361783535
6,0.4042227270260703
6,0.37621066847846585
6,0.3725449920935405
6,0.36233598141810386
6,0.3901593605173744
6,0.38816856161009644
6,0.3663714665335665
6,0.36299639359969094
6,0.37791570414232734
6,0.38984730384376604
6,0.3936512926514856
6,0.40113781649652125
6,0.3664997369790605
6,0.38331346540729044
6,0.3703870246375828
6,0.37145254359562374
6,0.36033461680885687
6,0.38418795535324085
6,0.3900639106981975
6,0.39130272769048435
6,0.3386932427852609
6,0.3998420002204518
6,0.407767979998144
6,0.4012139412762624
6,0.357652434283058
6,0.4212869039192147
6,0.3882127961365713
6,0.35340491939504987
6,0.3950628244232832
6,0.39867595770490744
6,0.4006366639995201
6,0.35973632884354145
6,0.37283257021421995
6,0.3714880636872729
6,0.39175122663371903
6,0.3999491767799542
6,0.37456024552746037
6,0.3844652186995003
6,0.3680386702128601
6,0.34049359686683983
6,0.3888231517596841
6,0.3715040674278638
6,0.3947075520273015
6,0.39590705498142215
6,0.36661752508351003
6,0.38353544664446876
6,0.3814561585295064
6,0.35176976012671657
6,0.38271707894217255
6,0.3691676072222781
6,0.3927255712553283
6,0.37008670447483466
6,0.39833057763351404
6,0.3587687177974136
6,0.4059117713771018
6,0.35160805717925675
6,0.36078941774310913
6,0.351726398639359
6,0.3703746564034282
6,0.3936861489651112
6,0.3705372515489887
6,0.36363153212622057
6,0.39766080894080097
6,0.38306598511861567
6,0.37538202900163187
6,0.3766292075184764
6,0.37123322349301424
6,0.3778157334939648
6,0.39524871767223835
6,0.3939570347316081
6,0.3664453083941297
6,0.38316875401267697
6,0.38099491705768657
6,0.37351731086811996
6,0.3731160683338815
6,0.34677975848925713
6,0.34755687872536567
6,0.3960082495697478
6,0.3664863252211893
6,0.3640402527948084
6,0.3855635368186317
6,0.3337394504055832
6,0.367106877042941
6,0.3623377352093717
6,0.3947999536056246
6,0.38082434301871054
6,0.36118388028750387
6,0.37830429076821387
6,0.360553698198595
6,0.3725715624347856
6,0.4027153149022465
6,0.3945664938637365
6,0.3524442596702397
6,0.3586986441972256
6,0.38378686042571014
6,0.36418177741804575
6,0.34139730392819256
6,0.3765688842418138
6,0.3867157216871731
6,0.39472647742667627
6,0.386728045088646
6,0.39380058092694165
6,0.36938732755108294
6,0.3817927981782012
6,0.3941366754478659
6,0.4009988620453646
6,0.3977776982430335
6,0.39192742625468485
6,0.38962682511696944
6,0.3773636296178353
6,0.39948465680339257
6,0.3464131989071784
6,0.40683057866810457
6,0.3629539489973811
6,0.3776756018832933
6,0.3642596512233422
6,0.40328171123156736
6,0.3730866963484529
6,0.3527243490980523
6,0.3954945138494513
6,0.39430070670077483
6,0.3577832621301481
6,0.38040807610219013
6,0.36207560333073247
6,0.3658554357581201
6,0.358220463984866
6,0.36188340105563827
6,0.38174633174621386
6,0.3690572385478063
6,0.40132549399904893
6,0.36912565700383454
6,0.3749666244813923
6,0.37068204279054473
6,0.3773391250893765
6,0.3819863213366444
6,0.409680709612233
6,0.4121400070950995
6,0.3742588684286729
6,0.3549462824037203
6,0.38830457473650365
6,0.4102683339231846
6,0.3507723437122745
6,0.37713664865749547
6,0.37621502129057016
6,0.3641025708069181
6,0.36396404073206656
6,0.39968685132811044
6,0.3910436266418483
6,0.38774185095938457
6,0.3842279576064947
6,0.38182008676582974
6,0.372959319165558
6,0.38065514453466953
6,0.3952081653374521
6,0.37413266032886305
6,0.3701449960201362
6,0.3974544275790624
6,0.38373220399093905
6,0.39198824262939214
6,0.3795582986030461
6,0.3659265180477494
6,0.36894285080550593
6,0.394091665912354
6,0.3523609642940732
6,0.38018823974854565
6,0.3704347456540848
6,0.36184502747448993
6,0.3575880060028244
6,0.3831641646421829
6,0.40142976878252473
6,0.3822998805299298
6,0.3945386009221722
6,0.3642363211475452
6,0.38144996664267267
6,0.37118380866724765
6,0.4086727439008916
6,0.39687048805863423
6,0.34661259572005415
6,0.34717062077918087
6,0.3856085542554907
6,0.37920470015607927
6,0.39753188675867307
6,0.38036006441574544
6,0.39858376658873923
6,0.38840239677595434
6,0.3770937063522843
6,0.38895168041590733
6,0.37636112276750006
6,0.3908753048914451
6,0.3792153651883599
6,0.3397962639209838
6,0.34516363496840385
6,0.41678907292913914
6,0.3673530173998959
6,0.39569803158851347
6,0.39152330015564385
6,0.4035772934312543
6,0.37174340081607216
6,0.36868071219790527
6,0.388626484211889
6,0.3950160282694721
6,0.3613018874921504
6,0.3700261782090837
6,0.39857773267363616
6,0.40211833788185297
6,0.3967274590542943
6,0.3522746052227531
6,0.350299842441788
6,0.3573153612329634
6,0.3920233962843588
6,0.3779038677858746
6,0.3566700321537805
6,0.36663738419755837
6,0.36898089295581643
6,0.3897459031151202
6,0.39504111273141534
6,0.40612926513815717
6,0.3444037121566059
6,0.3823536025669859
6,0.38095502143837195
6,0.3813849714265563
6,0.3566100787669232
6,0.37145639749741827
6,0.3786272791345789
6,0.34095358003409776
6,0.363031696544097
6,0.3772974048065001
6,0.38820942084822785
6,0.36646077813669165
6,0.3847098156242586
6,0.3890471451117279
6,0.3722553280586654
6,0.3394057311263827
6,0.3845163636238392
6,0.38453106040168106
6,0.3620691982320368
6,0.3785055538250943
6,0.3321658597987481
6,0.36661964867074853
6,0.38846914577172087
6,0.4092281935851332
6,0.4007380174199404
6,0.39277909933628197
6,0.39389647525853777
6,0.3650211350633059
6,0.39249838575192814
6,0.36615558440531687
6,0.34593884665566677
6,0.3792991868910431
6,0.3801737171956275
6,0.3884138651855129
6,0.397580882575616
6,0.37776224094064925
6,0.4007727683877587
6,0.34612918873343385
6,0.381356648413698
6,0.3810487673811469
6,0.3817270562554483
6,0.3890101159034128
6,0.38730829586956
6,0.3991836851208502
6,0.3904437294181127
6,0.3978407730579165
6,0.3967188722336746
6,0.37502952341284645
6,0.387755142726945
6,0.38128246395299226
6,0.38258585879267654
6,0.3867141004228073
6,0.3952250168054166
6,0.3936775525203317
6,0.41267191057097186
6,0.37519386639198626
6,0.37593788491434793
6,0.37867907191469247
6,0.3827750993438154
6,0.3946336338110259
6,0.3477473476847554
6,0.35920675012842207
6,0.3757894327281797
6,0.36916142321815515
6,0.37965934049484784
6,0.36436350506256815
6,0.41345018132609057
6,0.36993634645652096
6,0.3690371916824704
6,0.3431704608611176
6,0.399496656240798
6,0.3662369969757225
6,0.3571656702862847
6,0.3765441256318504
6,0.38846295234749817
6,0.38133422892441077
6,0.3560855995476712
6,0.3792261303133764
6,0.3946853368843529
6,0.38369624268219327
6,0.39885864385605824
6,0.3696601808331856
6,0.3993856800308234
6,0.39793567349458964
6,0.3811589707383985
6,0.3918982599102143
6,0.4020601757955123
6,0.3799803504675908
6,0.375912541393427
6,0.38609254370006363
6,0.36983363647895595
6,0.40577163888629086
6,0.37101939375058807
6,0.3599037703410786
6,0.37677340115722335
6,0.40805150722390326
6,0.39824232334021853
6,0.38339702047345503
6,0.4132639939710103
6,0.3737837062418385
6,0.3641339544637005
6,0.4117758757609642
6,0.3523514440924223
6,0.39980032654736325
6,0.3824201884059499
6,0.3920291681582745
6,0.37909540971409816
6,0.3544292451064901
6,0.3646032562706394
6,0.3859454091191659
6,0.3790532066864685
6,0.38754446544715465
6,0.3799305861346038
6,0.3894445077642262
6,0.39193011076712064
6,0.35247811884567615
6,0.40171751777249814
6,0.39745982764088444
6,0.39242529867387715
6,0.39553552843681644
6,0.3626932474593059
6,0.39602282201234373
6,0.3895466865197141
6,0.3541243290202474
6,0.35547763941137933
6,0.38592972189197183
6,0.3789027738206448
6,0.37475348257498214
6,0.3886632607186583
6,0.37579016173732577
6,0.36998758638825724
6,0.37349556575528703
6,0.390427098588614
6,0.37464436280952695
6,0.3871623362748977
6,0.36166857688696924
6,0.3716936323128292
6,0.3802454974395813
6,0.37676683150793994
6,0.3694124335541649
6,0.3998582515282043
6,0.370094876538869
6,0.3869791900328989
6,0.34839585203185613
6,0.3898971684690695
6,0.35449096649144596
6,0.3436069833626705
6,0.3861395741328529
6,0.38252179429234795
6,0.37161584377252677
6,0.3823058630265607
6,0.3771234584348618
6,0.37551751252935245
6,0.3821941028237135
6,0.3970740996325783
6,0.39521051912817373
6,0.34555748109874
6,0.3521970988473732
6,0.35018796430982724
6,0.36582577848410325
6,0.389695708339262
6,0.3555032710926521
6,0.34686227808037384
6,0.32688919733257904
6,0.41123318672972936
6,0.3720730407354919
6,0.3734994478354816
6,0.36315684392467246
6,0.33855846937230555
6,0.39551820700989065
6,0.38140460399318027
6,0.3915725934589186
6,0.36035414056421394
6,0.37116161749690624
6,0.3667090286533813
6,0.35287181598778683
6,0.37747386087231977
6,0.3826583237553757
6,0.31279443731689627
6,0.38520566521914273
6,0.39035078759205466
6,0.38420888883280263
6,0.3694281070636881
6,0.3884281549144119
6,0.3509115114795877
6,0.3727675715417884
6,0.3497879847227405
6,0.342868499624854
6,0.33184862144298
6,0.37457823733579154
6,0.3718290928619504
6,0.36360872860760757
6,0.3905318508299307
6,0.34270398175643524
6,0.40306592269444397
6,0.3649879814770101
6,0.40327559272068875
6,0.3791819003798004
6,0.3718685629797404
6,0.3681349169407
6,0.3606599957900187
6,0.36723687564345053
6,0.41239556959320717
6,0.3686731796861733
6,0.3608609525325596
6,0.36824152410716604
6,0.324012764152573
6,0.39779258769655507
6,0.3782787067752319
6,0.3775099354654623
6,0.3738646662943158
6,0.41466458527029587
6,0.37404573683380826
6,0.3386153855087456
6,0.3945134573222685
6,0.3998743641540096
6,0.3597284607263451
6,0.38006510428754514
6,0.3573679737845414
6,0.3859716925044393
6,0.38600346287630954
6,0.3740860542469374
6,0.40663332385087
6,0.3742129561738493
6,0.38510765607952957
6,0.3780796718965212
6,0.38830267272229124
6,0.3677246213400918
6,0.35630488432638313
6,0.37544113482402336
6,0.38680123043641523
6,0.3970834539747066
6,0.40587340800098276
6,0.4028008892498637
6,0.3779810430581612
6,0.40597032702383856
6,0.36174769065569023
6,0.39287579940250283
6,0.3568590342482039
6,0.3763114216026439
6,0.3698662565824092
6,0.39137318698555223
6,0.38936645697435734
6,0.3786707731436651
6,0.4046460585089099
6,0.3568318069458376
6,0.36951753662924197
6,0.4033928567775171
6,0.4186645172423856
6,0.38532026927750584
6,0.3658442065016189
6,0.36899903706982995
6,0.38085184759034746
6,0.3895644376032089
6,0.39943267849096253
6,0.3900350468019167
6,0.36411944257683615
6,0.38838217031129296
6,0.3544627089012433
6,0.37405004439071454
6,0.38546852424956113
6,0.33855419930780045
6,0.3784314601862223