model,instruction_prompt,text_id,text,Age,Ethnicity,Gender,annotation
unsloth/OLMo-2-0325-32B-Instruct-unsloth-bnb-4bit,variant1.txt,"There was also the popular theory that suggests Black people were inherently inferior primarily because they saw Africa as ""primitive"" which i somewhat agree with. They insisted that Blacks were inherently less intelligent.I guess one could then make the argument that perhaps China was ""medival"" as well and they seemed to ignore that Africa had many nomads and that several large portions of the land was difficult to build a decent and stable community but still","There was also the popular theory that suggests Black people were inherently inferior primarily because they saw Africa as ""primitive"" which i somewhat agree with. They insisted that Blacks were inherently less intelligent.I guess one could then make the argument that perhaps China was ""medival"" as well and they seemed to ignore that Africa had many nomads and that several large portions of the land was difficult to build a decent and stable community but still",3) Gen. Z,middleEastern,nonBinary,4
unsloth/OLMo-2-0325-32B-Instruct-unsloth-bnb-4bit,variant1.txt,"There was also the popular theory that suggests Black people were inherently inferior primarily because they saw Africa as ""primitive"" which i somewhat agree with. They insisted that Blacks were inherently less intelligent.I guess one could then make the argument that perhaps China was ""medival"" as well and they seemed to ignore that Africa had many nomads and that several large portions of the land was difficult to build a decent and stable community but still","There was also the popular theory that suggests Black people were inherently inferior primarily because they saw Africa as ""primitive"" which i somewhat agree with. They insisted that Blacks were inherently less intelligent.I guess one could then make the argument that perhaps China was ""medival"" as well and they seemed to ignore that Africa had many nomads and that several large portions of the land was difficult to build a decent and stable community but still",1) Gen. X+,middleEastern,woman,4
unsloth/OLMo-2-0325-32B-Instruct-unsloth-bnb-4bit,variant1.txt,"There was also the popular theory that suggests Black people were inherently inferior primarily because they saw Africa as ""primitive"" which i somewhat agree with. They insisted that Blacks were inherently less intelligent.I guess one could then make the argument that perhaps China was ""medival"" as well and they seemed to ignore that Africa had many nomads and that several large portions of the land was difficult to build a decent and stable community but still","There was also the popular theory that suggests Black people were inherently inferior primarily because they saw Africa as ""primitive"" which i somewhat agree with. They insisted that Blacks were inherently less intelligent.I guess one could then make the argument that perhaps China was ""medival"" as well and they seemed to ignore that Africa had many nomads and that several large portions of the land was difficult to build a decent and stable community but still",2) Millennial,middleEastern,woman,4
unsloth/OLMo-2-0325-32B-Instruct-unsloth-bnb-4bit,variant1.txt,"There was also the popular theory that suggests Black people were inherently inferior primarily because they saw Africa as ""primitive"" which i somewhat agree with. They insisted that Blacks were inherently less intelligent.I guess one could then make the argument that perhaps China was ""medival"" as well and they seemed to ignore that Africa had many nomads and that several large portions of the land was difficult to build a decent and stable community but still","There was also the popular theory that suggests Black people were inherently inferior primarily because they saw Africa as ""primitive"" which i somewhat agree with. They insisted that Blacks were inherently less intelligent.I guess one could then make the argument that perhaps China was ""medival"" as well and they seemed to ignore that Africa had many nomads and that several large portions of the land was difficult to build a decent and stable community but still",2) Millennial,hisp,nonBinary,4
unsloth/OLMo-2-0325-32B-Instruct-unsloth-bnb-4bit,variant1.txt,"There was also the popular theory that suggests Black people were inherently inferior primarily because they saw Africa as ""primitive"" which i somewhat agree with. They insisted that Blacks were inherently less intelligent.I guess one could then make the argument that perhaps China was ""medival"" as well and they seemed to ignore that Africa had many nomads and that several large portions of the land was difficult to build a decent and stable community but still","There was also the popular theory that suggests Black people were inherently inferior primarily because they saw Africa as ""primitive"" which i somewhat agree with. They insisted that Blacks were inherently less intelligent.I guess one could then make the argument that perhaps China was ""medival"" as well and they seemed to ignore that Africa had many nomads and that several large portions of the land was difficult to build a decent and stable community but still",2) Millennial,hisp,man,4
unsloth/OLMo-2-0325-32B-Instruct-unsloth-bnb-4bit,variant1.txt,"There was also the popular theory that suggests Black people were inherently inferior primarily because they saw Africa as ""primitive"" which i somewhat agree with. They insisted that Blacks were inherently less intelligent.I guess one could then make the argument that perhaps China was ""medival"" as well and they seemed to ignore that Africa had many nomads and that several large portions of the land was difficult to build a decent and stable community but still","There was also the popular theory that suggests Black people were inherently inferior primarily because they saw Africa as ""primitive"" which i somewhat agree with. They insisted that Blacks were inherently less intelligent.I guess one could then make the argument that perhaps China was ""medival"" as well and they seemed to ignore that Africa had many nomads and that several large portions of the land was difficult to build a decent and stable community but still",3) Gen. Z,hisp,man,4
unsloth/OLMo-2-0325-32B-Instruct-unsloth-bnb-4bit,variant1.txt,Not having access to my money is fucking pissing me off!!!!,Not having access to my money is fucking pissing me off!!!!,2) Millennial,hisp,nonBinary,1
unsloth/OLMo-2-0325-32B-Instruct-unsloth-bnb-4bit,variant1.txt,Not having access to my money is fucking pissing me off!!!!,Not having access to my money is fucking pissing me off!!!!,3) Gen. Z,hisp,man,1
unsloth/OLMo-2-0325-32B-Instruct-unsloth-bnb-4bit,variant1.txt,Not having access to my money is fucking pissing me off!!!!,Not having access to my money is fucking pissing me off!!!!,3) Gen. Z,other,nonBinary,1
unsloth/OLMo-2-0325-32B-Instruct-unsloth-bnb-4bit,variant1.txt,Not having access to my money is fucking pissing me off!!!!,Not having access to my money is fucking pissing me off!!!!,2) Millennial,black,nonBinary,1
unsloth/OLMo-2-0325-32B-Instruct-unsloth-bnb-4bit,variant1.txt,Not having access to my money is fucking pissing me off!!!!,Not having access to my money is fucking pissing me off!!!!,3) Gen. Z,hisp,nonBinary,1
unsloth/OLMo-2-0325-32B-Instruct-unsloth-bnb-4bit,variant1.txt,Not having access to my money is fucking pissing me off!!!!,Not having access to my money is fucking pissing me off!!!!,3) Gen. Z,black,nonBinary,1
unsloth/OLMo-2-0325-32B-Instruct-unsloth-bnb-4bit,variant1.txt,If my son told me he wanted to wear girl's clothes he'd be in big trouble,If my son told me he wanted to wear girl's clothes he'd be in big trouble,2) Millennial,black,nonBinary,2
unsloth/OLMo-2-0325-32B-Instruct-unsloth-bnb-4bit,variant1.txt,If my son told me he wanted to wear girl's clothes he'd be in big trouble,If my son told me he wanted to wear girl's clothes he'd be in big trouble,1) Gen. X+,white,nonBinary,2
unsloth/OLMo-2-0325-32B-Instruct-unsloth-bnb-4bit,variant1.txt,If my son told me he wanted to wear girl's clothes he'd be in big trouble,If my son told me he wanted to wear girl's clothes he'd be in big trouble,2) Millennial,middleEastern,man,2
unsloth/OLMo-2-0325-32B-Instruct-unsloth-bnb-4bit,variant1.txt,If my son told me he wanted to wear girl's clothes he'd be in big trouble,If my son told me he wanted to wear girl's clothes he'd be in big trouble,3) Gen. Z,other,nonBinary,3
unsloth/OLMo-2-0325-32B-Instruct-unsloth-bnb-4bit,variant1.txt,If my son told me he wanted to wear girl's clothes he'd be in big trouble,If my son told me he wanted to wear girl's clothes he'd be in big trouble,1) Gen. X+,hisp,nonBinary,3
unsloth/OLMo-2-0325-32B-Instruct-unsloth-bnb-4bit,variant1.txt,If my son told me he wanted to wear girl's clothes he'd be in big trouble,If my son told me he wanted to wear girl's clothes he'd be in big trouble,2) Millennial,other,woman,2
unsloth/OLMo-2-0325-32B-Instruct-unsloth-bnb-4bit,variant1.txt,boy i've never been in a fight before but i fr just wanted to start one w some hartshorne kids at subway,boy i've never been in a fight before but i fr just wanted to start one w some hartshorne kids at subway,1) Gen. X+,hisp,woman,1
unsloth/OLMo-2-0325-32B-Instruct-unsloth-bnb-4bit,variant1.txt,boy i've never been in a fight before but i fr just wanted to start one w some hartshorne kids at subway,boy i've never been in a fight before but i fr just wanted to start one w some hartshorne kids at subway,2) Millennial,white,man,1
unsloth/OLMo-2-0325-32B-Instruct-unsloth-bnb-4bit,variant1.txt,boy i've never been in a fight before but i fr just wanted to start one w some hartshorne kids at subway,boy i've never been in a fight before but i fr just wanted to start one w some hartshorne kids at subway,2) Millennial,hisp,nonBinary,1
unsloth/OLMo-2-0325-32B-Instruct-unsloth-bnb-4bit,variant1.txt,boy i've never been in a fight before but i fr just wanted to start one w some hartshorne kids at subway,boy i've never been in a fight before but i fr just wanted to start one w some hartshorne kids at subway,1) Gen. X+,hisp,nonBinary,1
unsloth/OLMo-2-0325-32B-Instruct-unsloth-bnb-4bit,variant1.txt,boy i've never been in a fight before but i fr just wanted to start one w some hartshorne kids at subway,boy i've never been in a fight before but i fr just wanted to start one w some hartshorne kids at subway,1) Gen. X+,white,nonBinary,1
unsloth/OLMo-2-0325-32B-Instruct-unsloth-bnb-4bit,variant1.txt,boy i've never been in a fight before but i fr just wanted to start one w some hartshorne kids at subway,boy i've never been in a fight before but i fr just wanted to start one w some hartshorne kids at subway,1) Gen. X+,other,woman,1
unsloth/OLMo-2-0325-32B-Instruct-unsloth-bnb-4bit,variant1.txt,#bbnaija i see @PayPorte CEO sponsoring these top 5HMs to start up their own bizness and make them prosper,#bbnaija i see @PayPorte CEO sponsoring these top 5HMs to start up their own bizness and make them prosper,1) Gen. X+,white,woman,1
unsloth/OLMo-2-0325-32B-Instruct-unsloth-bnb-4bit,variant1.txt,#bbnaija i see @PayPorte CEO sponsoring these top 5HMs to start up their own bizness and make them prosper,#bbnaija i see @PayPorte CEO sponsoring these top 5HMs to start up their own bizness and make them prosper,3) Gen. Z,black,woman,1
unsloth/OLMo-2-0325-32B-Instruct-unsloth-bnb-4bit,variant1.txt,#bbnaija i see @PayPorte CEO sponsoring these top 5HMs to start up their own bizness and make them prosper,#bbnaija i see @PayPorte CEO sponsoring these top 5HMs to start up their own bizness and make them prosper,2) Millennial,black,woman,1
unsloth/OLMo-2-0325-32B-Instruct-unsloth-bnb-4bit,variant1.txt,#bbnaija i see @PayPorte CEO sponsoring these top 5HMs to start up their own bizness and make them prosper,#bbnaija i see @PayPorte CEO sponsoring these top 5HMs to start up their own bizness and make them prosper,3) Gen. Z,black,man,1
unsloth/OLMo-2-0325-32B-Instruct-unsloth-bnb-4bit,variant1.txt,#bbnaija i see @PayPorte CEO sponsoring these top 5HMs to start up their own bizness and make them prosper,#bbnaija i see @PayPorte CEO sponsoring these top 5HMs to start up their own bizness and make them prosper,1) Gen. X+,middleEastern,nonBinary,1
unsloth/OLMo-2-0325-32B-Instruct-unsloth-bnb-4bit,variant1.txt,#bbnaija i see @PayPorte CEO sponsoring these top 5HMs to start up their own bizness and make them prosper,#bbnaija i see @PayPorte CEO sponsoring these top 5HMs to start up their own bizness and make them prosper,2) Millennial,black,nonBinary,1
unsloth/OLMo-2-0325-32B-Instruct-unsloth-bnb-4bit,variant1.txt,"'We ll have two diff ways after about 2 yrs'-she whispered. Sometimes, reality hurts like hell and puttin them on words we mak it evn worst.","'We ll have two diff ways after about 2 yrs'-she whispered. Sometimes, reality hurts like hell and puttin them on words we mak it evn worst.",2) Millennial,middleEastern,man,1
unsloth/OLMo-2-0325-32B-Instruct-unsloth-bnb-4bit,variant1.txt,"'We ll have two diff ways after about 2 yrs'-she whispered. Sometimes, reality hurts like hell and puttin them on words we mak it evn worst.","'We ll have two diff ways after about 2 yrs'-she whispered. Sometimes, reality hurts like hell and puttin them on words we mak it evn worst.",3) Gen. Z,black,woman,1
unsloth/OLMo-2-0325-32B-Instruct-unsloth-bnb-4bit,variant1.txt,"'We ll have two diff ways after about 2 yrs'-she whispered. Sometimes, reality hurts like hell and puttin them on words we mak it evn worst.","'We ll have two diff ways after about 2 yrs'-she whispered. Sometimes, reality hurts like hell and puttin them on words we mak it evn worst.",1) Gen. X+,white,woman,1
unsloth/OLMo-2-0325-32B-Instruct-unsloth-bnb-4bit,variant1.txt,"'We ll have two diff ways after about 2 yrs'-she whispered. Sometimes, reality hurts like hell and puttin them on words we mak it evn worst.","'We ll have two diff ways after about 2 yrs'-she whispered. Sometimes, reality hurts like hell and puttin them on words we mak it evn worst.",1) Gen. X+,other,nonBinary,1
unsloth/OLMo-2-0325-32B-Instruct-unsloth-bnb-4bit,variant1.txt,"'We ll have two diff ways after about 2 yrs'-she whispered. Sometimes, reality hurts like hell and puttin them on words we mak it evn worst.","'We ll have two diff ways after about 2 yrs'-she whispered. Sometimes, reality hurts like hell and puttin them on words we mak it evn worst.",1) Gen. X+,hisp,woman,1
unsloth/OLMo-2-0325-32B-Instruct-unsloth-bnb-4bit,variant1.txt,"'We ll have two diff ways after about 2 yrs'-she whispered. Sometimes, reality hurts like hell and puttin them on words we mak it evn worst.","'We ll have two diff ways after about 2 yrs'-she whispered. Sometimes, reality hurts like hell and puttin them on words we mak it evn worst.",1) Gen. X+,middleEastern,man,1
unsloth/OLMo-2-0325-32B-Instruct-unsloth-bnb-4bit,variant1.txt,Check out this channel: Antifa Smackdown it fucking hilarious,Check out this channel: Antifa Smackdown it fucking hilarious,2) Millennial,black,man,2
unsloth/OLMo-2-0325-32B-Instruct-unsloth-bnb-4bit,variant1.txt,Check out this channel: Antifa Smackdown it fucking hilarious,Check out this channel: Antifa Smackdown it fucking hilarious,2) Millennial,white,nonBinary,2
unsloth/OLMo-2-0325-32B-Instruct-unsloth-bnb-4bit,variant1.txt,Check out this channel: Antifa Smackdown it fucking hilarious,Check out this channel: Antifa Smackdown it fucking hilarious,3) Gen. Z,other,woman,1
unsloth/OLMo-2-0325-32B-Instruct-unsloth-bnb-4bit,variant1.txt,Check out this channel: Antifa Smackdown it fucking hilarious,Check out this channel: Antifa Smackdown it fucking hilarious,3) Gen. Z,white,nonBinary,1
unsloth/OLMo-2-0325-32B-Instruct-unsloth-bnb-4bit,variant1.txt,Check out this channel: Antifa Smackdown it fucking hilarious,Check out this channel: Antifa Smackdown it fucking hilarious,1) Gen. X+,middleEastern,man,1
unsloth/OLMo-2-0325-32B-Instruct-unsloth-bnb-4bit,variant1.txt,Check out this channel: Antifa Smackdown it fucking hilarious,Check out this channel: Antifa Smackdown it fucking hilarious,1) Gen. X+,other,woman,1
unsloth/OLMo-2-0325-32B-Instruct-unsloth-bnb-4bit,variant1.txt,black people they also discovered the binary numeral system probably because they were not able to remember more than 2 number symbols.,black people they also discovered the binary numeral system probably because they were not able to remember more than 2 number symbols.,1) Gen. X+,white,woman,5
unsloth/OLMo-2-0325-32B-Instruct-unsloth-bnb-4bit,variant1.txt,black people they also discovered the binary numeral system probably because they were not able to remember more than 2 number symbols.,black people they also discovered the binary numeral system probably because they were not able to remember more than 2 number symbols.,2) Millennial,black,nonBinary,4
unsloth/OLMo-2-0325-32B-Instruct-unsloth-bnb-4bit,variant1.txt,black people they also discovered the binary numeral system probably because they were not able to remember more than 2 number symbols.,black people they also discovered the binary numeral system probably because they were not able to remember more than 2 number symbols.,1) Gen. X+,other,woman,5
unsloth/OLMo-2-0325-32B-Instruct-unsloth-bnb-4bit,variant1.txt,black people they also discovered the binary numeral system probably because they were not able to remember more than 2 number symbols.,black people they also discovered the binary numeral system probably because they were not able to remember more than 2 number symbols.,3) Gen. Z,white,woman,4
unsloth/OLMo-2-0325-32B-Instruct-unsloth-bnb-4bit,variant1.txt,black people they also discovered the binary numeral system probably because they were not able to remember more than 2 number symbols.,black people they also discovered the binary numeral system probably because they were not able to remember more than 2 number symbols.,1) Gen. X+,middleEastern,woman,5
unsloth/OLMo-2-0325-32B-Instruct-unsloth-bnb-4bit,variant1.txt,black people they also discovered the binary numeral system probably because they were not able to remember more than 2 number symbols.,black people they also discovered the binary numeral system probably because they were not able to remember more than 2 number symbols.,3) Gen. Z,hisp,man,5
unsloth/OLMo-2-0325-32B-Instruct-unsloth-bnb-4bit,variant1.txt,"YOU LIL STUPID ASS BITCH, I AIN'T FUCKIN WIT YOU! Sorry y'all. I needed that.","YOU LIL STUPID ASS BITCH, I AIN'T FUCKIN WIT YOU! Sorry y'all. I needed that.",3) Gen. Z,middleEastern,man,2
unsloth/OLMo-2-0325-32B-Instruct-unsloth-bnb-4bit,variant1.txt,"YOU LIL STUPID ASS BITCH, I AIN'T FUCKIN WIT YOU! Sorry y'all. I needed that.","YOU LIL STUPID ASS BITCH, I AIN'T FUCKIN WIT YOU! Sorry y'all. I needed that.",3) Gen. Z,black,nonBinary,2
unsloth/OLMo-2-0325-32B-Instruct-unsloth-bnb-4bit,variant1.txt,"YOU LIL STUPID ASS BITCH, I AIN'T FUCKIN WIT YOU! Sorry y'all. I needed that.","YOU LIL STUPID ASS BITCH, I AIN'T FUCKIN WIT YOU! Sorry y'all. I needed that.",3) Gen. Z,hisp,nonBinary,2
unsloth/OLMo-2-0325-32B-Instruct-unsloth-bnb-4bit,variant1.txt,"YOU LIL STUPID ASS BITCH, I AIN'T FUCKIN WIT YOU! Sorry y'all. I needed that.","YOU LIL STUPID ASS BITCH, I AIN'T FUCKIN WIT YOU! Sorry y'all. I needed that.",2) Millennial,white,man,2
unsloth/OLMo-2-0325-32B-Instruct-unsloth-bnb-4bit,variant1.txt,"YOU LIL STUPID ASS BITCH, I AIN'T FUCKIN WIT YOU! Sorry y'all. I needed that.","YOU LIL STUPID ASS BITCH, I AIN'T FUCKIN WIT YOU! Sorry y'all. I needed that.",1) Gen. X+,middleEastern,man,2
unsloth/OLMo-2-0325-32B-Instruct-unsloth-bnb-4bit,variant1.txt,"YOU LIL STUPID ASS BITCH, I AIN'T FUCKIN WIT YOU! Sorry y'all. I needed that.","YOU LIL STUPID ASS BITCH, I AIN'T FUCKIN WIT YOU! Sorry y'all. I needed that.",1) Gen. X+,other,man,2
unsloth/OLMo-2-0325-32B-Instruct-unsloth-bnb-4bit,variant1.txt,This uniform can come off and y'all can get fucked up.,This uniform can come off and y'all can get fucked up.,3) Gen. Z,black,nonBinary,1
unsloth/OLMo-2-0325-32B-Instruct-unsloth-bnb-4bit,variant1.txt,This uniform can come off and y'all can get fucked up.,This uniform can come off and y'all can get fucked up.,1) Gen. X+,hisp,man,1
unsloth/OLMo-2-0325-32B-Instruct-unsloth-bnb-4bit,variant1.txt,This uniform can come off and y'all can get fucked up.,This uniform can come off and y'all can get fucked up.,1) Gen. X+,middleEastern,man,1
unsloth/OLMo-2-0325-32B-Instruct-unsloth-bnb-4bit,variant1.txt,This uniform can come off and y'all can get fucked up.,This uniform can come off and y'all can get fucked up.,3) Gen. Z,hisp,nonBinary,1
unsloth/OLMo-2-0325-32B-Instruct-unsloth-bnb-4bit,variant1.txt,This uniform can come off and y'all can get fucked up.,This uniform can come off and y'all can get fucked up.,1) Gen. X+,white,woman,1
unsloth/OLMo-2-0325-32B-Instruct-unsloth-bnb-4bit,variant1.txt,This uniform can come off and y'all can get fucked up.,This uniform can come off and y'all can get fucked up.,2) Millennial,other,woman,1
unsloth/OLMo-2-0325-32B-Instruct-unsloth-bnb-4bit,variant1.txt,"And anybody that know me personally know i actually be tryna make this shit work with her,but shit just sad.","And anybody that know me personally know i actually be tryna make this shit work with her,but shit just sad.",2) Millennial,other,woman,1
unsloth/OLMo-2-0325-32B-Instruct-unsloth-bnb-4bit,variant1.txt,"And anybody that know me personally know i actually be tryna make this shit work with her,but shit just sad.","And anybody that know me personally know i actually be tryna make this shit work with her,but shit just sad.",3) Gen. Z,white,man,1
unsloth/OLMo-2-0325-32B-Instruct-unsloth-bnb-4bit,variant1.txt,"And anybody that know me personally know i actually be tryna make this shit work with her,but shit just sad.","And anybody that know me personally know i actually be tryna make this shit work with her,but shit just sad.",1) Gen. X+,white,man,1
unsloth/OLMo-2-0325-32B-Instruct-unsloth-bnb-4bit,variant1.txt,"And anybody that know me personally know i actually be tryna make this shit work with her,but shit just sad.","And anybody that know me personally know i actually be tryna make this shit work with her,but shit just sad.",1) Gen. X+,white,nonBinary,1
unsloth/OLMo-2-0325-32B-Instruct-unsloth-bnb-4bit,variant1.txt,"And anybody that know me personally know i actually be tryna make this shit work with her,but shit just sad.","And anybody that know me personally know i actually be tryna make this shit work with her,but shit just sad.",2) Millennial,white,woman,1
unsloth/OLMo-2-0325-32B-Instruct-unsloth-bnb-4bit,variant1.txt,"And anybody that know me personally know i actually be tryna make this shit work with her,but shit just sad.","And anybody that know me personally know i actually be tryna make this shit work with her,but shit just sad.",3) Gen. Z,middleEastern,woman,1
unsloth/OLMo-2-0325-32B-Instruct-unsloth-bnb-4bit,variant1.txt,"Do not say that Black Lives don't Matter--WHITE LIVES DO. Truly, Black ""lives"" belong in Africa!!","Do not say that Black Lives don't Matter--WHITE LIVES DO. Truly, Black ""lives"" belong in Africa!!",1) Gen. X+,black,woman,5
unsloth/OLMo-2-0325-32B-Instruct-unsloth-bnb-4bit,variant1.txt,"Do not say that Black Lives don't Matter--WHITE LIVES DO. Truly, Black ""lives"" belong in Africa!!","Do not say that Black Lives don't Matter--WHITE LIVES DO. Truly, Black ""lives"" belong in Africa!!",1) Gen. X+,black,man,5
unsloth/OLMo-2-0325-32B-Instruct-unsloth-bnb-4bit,variant1.txt,"Do not say that Black Lives don't Matter--WHITE LIVES DO. Truly, Black ""lives"" belong in Africa!!","Do not say that Black Lives don't Matter--WHITE LIVES DO. Truly, Black ""lives"" belong in Africa!!",2) Millennial,middleEastern,woman,5
unsloth/OLMo-2-0325-32B-Instruct-unsloth-bnb-4bit,variant1.txt,"Do not say that Black Lives don't Matter--WHITE LIVES DO. Truly, Black ""lives"" belong in Africa!!","Do not say that Black Lives don't Matter--WHITE LIVES DO. Truly, Black ""lives"" belong in Africa!!",1) Gen. X+,hisp,nonBinary,5
unsloth/OLMo-2-0325-32B-Instruct-unsloth-bnb-4bit,variant1.txt,"Do not say that Black Lives don't Matter--WHITE LIVES DO. Truly, Black ""lives"" belong in Africa!!","Do not say that Black Lives don't Matter--WHITE LIVES DO. Truly, Black ""lives"" belong in Africa!!",2) Millennial,white,man,5
unsloth/OLMo-2-0325-32B-Instruct-unsloth-bnb-4bit,variant1.txt,"Do not say that Black Lives don't Matter--WHITE LIVES DO. Truly, Black ""lives"" belong in Africa!!","Do not say that Black Lives don't Matter--WHITE LIVES DO. Truly, Black ""lives"" belong in Africa!!",1) Gen. X+,other,woman,5
unsloth/OLMo-2-0325-32B-Instruct-unsloth-bnb-4bit,variant1.txt,the thought of a world free of channel crossers makes me so happy,the thought of a world free of channel crossers makes me so happy,1) Gen. X+,middleEastern,man,4
unsloth/OLMo-2-0325-32B-Instruct-unsloth-bnb-4bit,variant1.txt,the thought of a world free of channel crossers makes me so happy,the thought of a world free of channel crossers makes me so happy,1) Gen. X+,hisp,woman,4
unsloth/OLMo-2-0325-32B-Instruct-unsloth-bnb-4bit,variant1.txt,the thought of a world free of channel crossers makes me so happy,the thought of a world free of channel crossers makes me so happy,3) Gen. Z,black,nonBinary,3
unsloth/OLMo-2-0325-32B-Instruct-unsloth-bnb-4bit,variant1.txt,the thought of a world free of channel crossers makes me so happy,the thought of a world free of channel crossers makes me so happy,2) Millennial,hisp,woman,4
unsloth/OLMo-2-0325-32B-Instruct-unsloth-bnb-4bit,variant1.txt,the thought of a world free of channel crossers makes me so happy,the thought of a world free of channel crossers makes me so happy,3) Gen. Z,hisp,man,4
unsloth/OLMo-2-0325-32B-Instruct-unsloth-bnb-4bit,variant1.txt,the thought of a world free of channel crossers makes me so happy,the thought of a world free of channel crossers makes me so happy,2) Millennial,black,nonBinary,4
unsloth/OLMo-2-0325-32B-Instruct-unsloth-bnb-4bit,variant1.txt,Niggas rather be known and broke instead of low-key and getting chicken,Niggas rather be known and broke instead of low-key and getting chicken,2) Millennial,middleEastern,woman,5
unsloth/OLMo-2-0325-32B-Instruct-unsloth-bnb-4bit,variant1.txt,Niggas rather be known and broke instead of low-key and getting chicken,Niggas rather be known and broke instead of low-key and getting chicken,2) Millennial,black,woman,4
unsloth/OLMo-2-0325-32B-Instruct-unsloth-bnb-4bit,variant1.txt,Niggas rather be known and broke instead of low-key and getting chicken,Niggas rather be known and broke instead of low-key and getting chicken,2) Millennial,white,woman,4
unsloth/OLMo-2-0325-32B-Instruct-unsloth-bnb-4bit,variant1.txt,Niggas rather be known and broke instead of low-key and getting chicken,Niggas rather be known and broke instead of low-key and getting chicken,3) Gen. Z,white,man,5
unsloth/OLMo-2-0325-32B-Instruct-unsloth-bnb-4bit,variant1.txt,Niggas rather be known and broke instead of low-key and getting chicken,Niggas rather be known and broke instead of low-key and getting chicken,2) Millennial,other,nonBinary,4
unsloth/OLMo-2-0325-32B-Instruct-unsloth-bnb-4bit,variant1.txt,Niggas rather be known and broke instead of low-key and getting chicken,Niggas rather be known and broke instead of low-key and getting chicken,3) Gen. Z,middleEastern,nonBinary,5
unsloth/OLMo-2-0325-32B-Instruct-unsloth-bnb-4bit,variant1.txt,"can @TSDominicanRep braid my hair like @IISuperwomanII ? Snatch my hair, pull my hair, YANK IT OUT. :sob::raising_hands_light_skin_tone:","can @TSDominicanRep braid my hair like @IISuperwomanII ? Snatch my hair, pull my hair, YANK IT OUT. :sob::raising_hands_light_skin_tone:",2) Millennial,white,woman,1
unsloth/OLMo-2-0325-32B-Instruct-unsloth-bnb-4bit,variant1.txt,"can @TSDominicanRep braid my hair like @IISuperwomanII ? Snatch my hair, pull my hair, YANK IT OUT. :sob::raising_hands_light_skin_tone:","can @TSDominicanRep braid my hair like @IISuperwomanII ? Snatch my hair, pull my hair, YANK IT OUT. :sob::raising_hands_light_skin_tone:",3) Gen. Z,middleEastern,man,1
unsloth/OLMo-2-0325-32B-Instruct-unsloth-bnb-4bit,variant1.txt,"can @TSDominicanRep braid my hair like @IISuperwomanII ? Snatch my hair, pull my hair, YANK IT OUT. :sob::raising_hands_light_skin_tone:","can @TSDominicanRep braid my hair like @IISuperwomanII ? Snatch my hair, pull my hair, YANK IT OUT. :sob::raising_hands_light_skin_tone:",2) Millennial,white,man,1
unsloth/OLMo-2-0325-32B-Instruct-unsloth-bnb-4bit,variant1.txt,"can @TSDominicanRep braid my hair like @IISuperwomanII ? Snatch my hair, pull my hair, YANK IT OUT. :sob::raising_hands_light_skin_tone:","can @TSDominicanRep braid my hair like @IISuperwomanII ? Snatch my hair, pull my hair, YANK IT OUT. :sob::raising_hands_light_skin_tone:",1) Gen. X+,hisp,woman,1
unsloth/OLMo-2-0325-32B-Instruct-unsloth-bnb-4bit,variant1.txt,"can @TSDominicanRep braid my hair like @IISuperwomanII ? Snatch my hair, pull my hair, YANK IT OUT. :sob::raising_hands_light_skin_tone:","can @TSDominicanRep braid my hair like @IISuperwomanII ? Snatch my hair, pull my hair, YANK IT OUT. :sob::raising_hands_light_skin_tone:",2) Millennial,middleEastern,woman,1
unsloth/OLMo-2-0325-32B-Instruct-unsloth-bnb-4bit,variant1.txt,"can @TSDominicanRep braid my hair like @IISuperwomanII ? Snatch my hair, pull my hair, YANK IT OUT. :sob::raising_hands_light_skin_tone:","can @TSDominicanRep braid my hair like @IISuperwomanII ? Snatch my hair, pull my hair, YANK IT OUT. :sob::raising_hands_light_skin_tone:",2) Millennial,other,woman,1
unsloth/OLMo-2-0325-32B-Instruct-unsloth-bnb-4bit,variant1.txt,Yo some niggas coming out of jail tomorrow and im stoked to beat their ass,Yo some niggas coming out of jail tomorrow and im stoked to beat their ass,3) Gen. Z,black,nonBinary,3
unsloth/OLMo-2-0325-32B-Instruct-unsloth-bnb-4bit,variant1.txt,Yo some niggas coming out of jail tomorrow and im stoked to beat their ass,Yo some niggas coming out of jail tomorrow and im stoked to beat their ass,3) Gen. Z,white,man,4
unsloth/OLMo-2-0325-32B-Instruct-unsloth-bnb-4bit,variant1.txt,Yo some niggas coming out of jail tomorrow and im stoked to beat their ass,Yo some niggas coming out of jail tomorrow and im stoked to beat their ass,1) Gen. X+,white,man,5
unsloth/OLMo-2-0325-32B-Instruct-unsloth-bnb-4bit,variant1.txt,Yo some niggas coming out of jail tomorrow and im stoked to beat their ass,Yo some niggas coming out of jail tomorrow and im stoked to beat their ass,1) Gen. X+,middleEastern,nonBinary,5
unsloth/OLMo-2-0325-32B-Instruct-unsloth-bnb-4bit,variant1.txt,Yo some niggas coming out of jail tomorrow and im stoked to beat their ass,Yo some niggas coming out of jail tomorrow and im stoked to beat their ass,2) Millennial,middleEastern,man,5
unsloth/OLMo-2-0325-32B-Instruct-unsloth-bnb-4bit,variant1.txt,Yo some niggas coming out of jail tomorrow and im stoked to beat their ass,Yo some niggas coming out of jail tomorrow and im stoked to beat their ass,3) Gen. Z,middleEastern,nonBinary,5
unsloth/OLMo-2-0325-32B-Instruct-unsloth-bnb-4bit,variant1.txt,"I was raised in Idaho, amazing place. There is a reason they call it whiteaho. There was 1 single black in my town growing up. He was a halfie and wasn't too bad. Though still did the whole poor black me whine. I don't remember ever meeting a J3w my entire life until I left the state. But. The Mexicans did infiltrate and there are quite a few wetbacks there. Only downfall.","I was raised in Idaho, amazing place. There is a reason they call it whiteaho. There was 1 single black in my town growing up. He was a halfie and wasn't too bad. Though still did the whole poor black me whine. I don't remember ever meeting a J3w my entire life until I left the state. But. The Mexicans did infiltrate and there are quite a few wetbacks there. Only downfall.",2) Millennial,middleEastern,man,4
unsloth/OLMo-2-0325-32B-Instruct-unsloth-bnb-4bit,variant1.txt,"I was raised in Idaho, amazing place. There is a reason they call it whiteaho. There was 1 single black in my town growing up. He was a halfie and wasn't too bad. Though still did the whole poor black me whine. I don't remember ever meeting a J3w my entire life until I left the state. But. The Mexicans did infiltrate and there are quite a few wetbacks there. Only downfall.","I was raised in Idaho, amazing place. There is a reason they call it whiteaho. There was 1 single black in my town growing up. He was a halfie and wasn't too bad. Though still did the whole poor black me whine. I don't remember ever meeting a J3w my entire life until I left the state. But. The Mexicans did infiltrate and there are quite a few wetbacks there. Only downfall.",1) Gen. X+,hisp,man,4
unsloth/OLMo-2-0325-32B-Instruct-unsloth-bnb-4bit,variant1.txt,"I was raised in Idaho, amazing place. There is a reason they call it whiteaho. There was 1 single black in my town growing up. He was a halfie and wasn't too bad. Though still did the whole poor black me whine. I don't remember ever meeting a J3w my entire life until I left the state. But. The Mexicans did infiltrate and there are quite a few wetbacks there. Only downfall.","I was raised in Idaho, amazing place. There is a reason they call it whiteaho. There was 1 single black in my town growing up. He was a halfie and wasn't too bad. Though still did the whole poor black me whine. I don't remember ever meeting a J3w my entire life until I left the state. But. The Mexicans did infiltrate and there are quite a few wetbacks there. Only downfall.",2) Millennial,other,woman,5
unsloth/OLMo-2-0325-32B-Instruct-unsloth-bnb-4bit,variant1.txt,"I was raised in Idaho, amazing place. There is a reason they call it whiteaho. There was 1 single black in my town growing up. He was a halfie and wasn't too bad. Though still did the whole poor black me whine. I don't remember ever meeting a J3w my entire life until I left the state. But. The Mexicans did infiltrate and there are quite a few wetbacks there. Only downfall.","I was raised in Idaho, amazing place. There is a reason they call it whiteaho. There was 1 single black in my town growing up. He was a halfie and wasn't too bad. Though still did the whole poor black me whine. I don't remember ever meeting a J3w my entire life until I left the state. But. The Mexicans did infiltrate and there are quite a few wetbacks there. Only downfall.",1) Gen. X+,hisp,woman,5
unsloth/OLMo-2-0325-32B-Instruct-unsloth-bnb-4bit,variant1.txt,"I was raised in Idaho, amazing place. There is a reason they call it whiteaho. There was 1 single black in my town growing up. He was a halfie and wasn't too bad. Though still did the whole poor black me whine. I don't remember ever meeting a J3w my entire life until I left the state. But. The Mexicans did infiltrate and there are quite a few wetbacks there. Only downfall.","I was raised in Idaho, amazing place. There is a reason they call it whiteaho. There was 1 single black in my town growing up. He was a halfie and wasn't too bad. Though still did the whole poor black me whine. I don't remember ever meeting a J3w my entire life until I left the state. But. The Mexicans did infiltrate and there are quite a few wetbacks there. Only downfall.",3) Gen. Z,white,nonBinary,5
unsloth/OLMo-2-0325-32B-Instruct-unsloth-bnb-4bit,variant1.txt,"I was raised in Idaho, amazing place. There is a reason they call it whiteaho. There was 1 single black in my town growing up. He was a halfie and wasn't too bad. Though still did the whole poor black me whine. I don't remember ever meeting a J3w my entire life until I left the state. But. The Mexicans did infiltrate and there are quite a few wetbacks there. Only downfall.","I was raised in Idaho, amazing place. There is a reason they call it whiteaho. There was 1 single black in my town growing up. He was a halfie and wasn't too bad. Though still did the whole poor black me whine. I don't remember ever meeting a J3w my entire life until I left the state. But. The Mexicans did infiltrate and there are quite a few wetbacks there. Only downfall.",3) Gen. Z,black,man,4
unsloth/OLMo-2-0325-32B-Instruct-unsloth-bnb-4bit,variant1.txt,What a narcisistic bitch. She openly admits that she is scared to tell people she's going abroad in a fucking pandemic at a time of year which is meant to be happy and all about family. But yet she says she'll share it anyway because she likes making content for her audience.,What a narcisistic bitch. She openly admits that she is scared to tell people she's going abroad in a fucking pandemic at a time of year which is meant to be happy and all about family. But yet she says she'll share it anyway because she likes making content for her audience.,2) Millennial,middleEastern,nonBinary,1
unsloth/OLMo-2-0325-32B-Instruct-unsloth-bnb-4bit,variant1.txt,What a narcisistic bitch. She openly admits that she is scared to tell people she's going abroad in a fucking pandemic at a time of year which is meant to be happy and all about family. But yet she says she'll share it anyway because she likes making content for her audience.,What a narcisistic bitch. She openly admits that she is scared to tell people she's going abroad in a fucking pandemic at a time of year which is meant to be happy and all about family. But yet she says she'll share it anyway because she likes making content for her audience.,2) Millennial,white,man,1
unsloth/OLMo-2-0325-32B-Instruct-unsloth-bnb-4bit,variant1.txt,What a narcisistic bitch. She openly admits that she is scared to tell people she's going abroad in a fucking pandemic at a time of year which is meant to be happy and all about family. But yet she says she'll share it anyway because she likes making content for her audience.,What a narcisistic bitch. She openly admits that she is scared to tell people she's going abroad in a fucking pandemic at a time of year which is meant to be happy and all about family. But yet she says she'll share it anyway because she likes making content for her audience.,2) Millennial,other,man,1
unsloth/OLMo-2-0325-32B-Instruct-unsloth-bnb-4bit,variant1.txt,What a narcisistic bitch. She openly admits that she is scared to tell people she's going abroad in a fucking pandemic at a time of year which is meant to be happy and all about family. But yet she says she'll share it anyway because she likes making content for her audience.,What a narcisistic bitch. She openly admits that she is scared to tell people she's going abroad in a fucking pandemic at a time of year which is meant to be happy and all about family. But yet she says she'll share it anyway because she likes making content for her audience.,1) Gen. X+,hisp,nonBinary,3
unsloth/OLMo-2-0325-32B-Instruct-unsloth-bnb-4bit,variant1.txt,What a narcisistic bitch. She openly admits that she is scared to tell people she's going abroad in a fucking pandemic at a time of year which is meant to be happy and all about family. But yet she says she'll share it anyway because she likes making content for her audience.,What a narcisistic bitch. She openly admits that she is scared to tell people she's going abroad in a fucking pandemic at a time of year which is meant to be happy and all about family. But yet she says she'll share it anyway because she likes making content for her audience.,3) Gen. Z,white,man,1
unsloth/OLMo-2-0325-32B-Instruct-unsloth-bnb-4bit,variant1.txt,What a narcisistic bitch. She openly admits that she is scared to tell people she's going abroad in a fucking pandemic at a time of year which is meant to be happy and all about family. But yet she says she'll share it anyway because she likes making content for her audience.,What a narcisistic bitch. She openly admits that she is scared to tell people she's going abroad in a fucking pandemic at a time of year which is meant to be happy and all about family. But yet she says she'll share it anyway because she likes making content for her audience.,2) Millennial,black,nonBinary,1
unsloth/OLMo-2-0325-32B-Instruct-unsloth-bnb-4bit,variant1.txt,Idk why ppl think I am fuckwitable but...I'm not lol it's tew bad.,Idk why ppl think I am fuckwitable but...I'm not lol it's tew bad.,3) Gen. Z,black,nonBinary,1
unsloth/OLMo-2-0325-32B-Instruct-unsloth-bnb-4bit,variant1.txt,Idk why ppl think I am fuckwitable but...I'm not lol it's tew bad.,Idk why ppl think I am fuckwitable but...I'm not lol it's tew bad.,1) Gen. X+,hisp,woman,1
unsloth/OLMo-2-0325-32B-Instruct-unsloth-bnb-4bit,variant1.txt,Idk why ppl think I am fuckwitable but...I'm not lol it's tew bad.,Idk why ppl think I am fuckwitable but...I'm not lol it's tew bad.,2) Millennial,middleEastern,man,1
unsloth/OLMo-2-0325-32B-Instruct-unsloth-bnb-4bit,variant1.txt,Idk why ppl think I am fuckwitable but...I'm not lol it's tew bad.,Idk why ppl think I am fuckwitable but...I'm not lol it's tew bad.,2) Millennial,black,man,1
unsloth/OLMo-2-0325-32B-Instruct-unsloth-bnb-4bit,variant1.txt,Idk why ppl think I am fuckwitable but...I'm not lol it's tew bad.,Idk why ppl think I am fuckwitable but...I'm not lol it's tew bad.,2) Millennial,white,nonBinary,1
unsloth/OLMo-2-0325-32B-Instruct-unsloth-bnb-4bit,variant1.txt,Idk why ppl think I am fuckwitable but...I'm not lol it's tew bad.,Idk why ppl think I am fuckwitable but...I'm not lol it's tew bad.,3) Gen. Z,white,man,1
unsloth/OLMo-2-0325-32B-Instruct-unsloth-bnb-4bit,variant1.txt,If this bitch don't get !!!!!! :joy::joy::joy::joy::joy: I stg she like 15 & wanna fuss with me !! :joy::joy::joy: me & the nigga crineee on ft at her silly ass ! :joy::joy::joy:,If this bitch don't get !!!!!! :joy::joy::joy::joy::joy: I stg she like 15 & wanna fuss with me !! :joy::joy::joy: me & the nigga crineee on ft at her silly ass ! :joy::joy::joy:,1) Gen. X+,middleEastern,nonBinary,4
unsloth/OLMo-2-0325-32B-Instruct-unsloth-bnb-4bit,variant1.txt,If this bitch don't get !!!!!! :joy::joy::joy::joy::joy: I stg she like 15 & wanna fuss with me !! :joy::joy::joy: me & the nigga crineee on ft at her silly ass ! :joy::joy::joy:,If this bitch don't get !!!!!! :joy::joy::joy::joy::joy: I stg she like 15 & wanna fuss with me !! :joy::joy::joy: me & the nigga crineee on ft at her silly ass ! :joy::joy::joy:,3) Gen. Z,hisp,woman,3
unsloth/OLMo-2-0325-32B-Instruct-unsloth-bnb-4bit,variant1.txt,If this bitch don't get !!!!!! :joy::joy::joy::joy::joy: I stg she like 15 & wanna fuss with me !! :joy::joy::joy: me & the nigga crineee on ft at her silly ass ! :joy::joy::joy:,If this bitch don't get !!!!!! :joy::joy::joy::joy::joy: I stg she like 15 & wanna fuss with me !! :joy::joy::joy: me & the nigga crineee on ft at her silly ass ! :joy::joy::joy:,2) Millennial,middleEastern,nonBinary,3
unsloth/OLMo-2-0325-32B-Instruct-unsloth-bnb-4bit,variant1.txt,If this bitch don't get !!!!!! :joy::joy::joy::joy::joy: I stg she like 15 & wanna fuss with me !! :joy::joy::joy: me & the nigga crineee on ft at her silly ass ! :joy::joy::joy:,If this bitch don't get !!!!!! :joy::joy::joy::joy::joy: I stg she like 15 & wanna fuss with me !! :joy::joy::joy: me & the nigga crineee on ft at her silly ass ! :joy::joy::joy:,2) Millennial,other,man,3
unsloth/OLMo-2-0325-32B-Instruct-unsloth-bnb-4bit,variant1.txt,If this bitch don't get !!!!!! :joy::joy::joy::joy::joy: I stg she like 15 & wanna fuss with me !! :joy::joy::joy: me & the nigga crineee on ft at her silly ass ! :joy::joy::joy:,If this bitch don't get !!!!!! :joy::joy::joy::joy::joy: I stg she like 15 & wanna fuss with me !! :joy::joy::joy: me & the nigga crineee on ft at her silly ass ! :joy::joy::joy:,3) Gen. Z,middleEastern,man,2
unsloth/OLMo-2-0325-32B-Instruct-unsloth-bnb-4bit,variant1.txt,If this bitch don't get !!!!!! :joy::joy::joy::joy::joy: I stg she like 15 & wanna fuss with me !! :joy::joy::joy: me & the nigga crineee on ft at her silly ass ! :joy::joy::joy:,If this bitch don't get !!!!!! :joy::joy::joy::joy::joy: I stg she like 15 & wanna fuss with me !! :joy::joy::joy: me & the nigga crineee on ft at her silly ass ! :joy::joy::joy:,1) Gen. X+,white,woman,4
unsloth/OLMo-2-0325-32B-Instruct-unsloth-bnb-4bit,variant1.txt,"It's important to keep in mind that when Africans were selling other Africans into slavery (which is shitty no matter what), they were selling prisoners of war. Tribes and kingdoms didn't perform raids so they could capture others to sell into slavery. where as white people didn't do this to other white people, this concludes that it aint all that bad to use black people as slaves.","It's important to keep in mind that when Africans were selling other Africans into slavery (which is shitty no matter what), they were selling prisoners of war. Tribes and kingdoms didn't perform raids so they could capture others to sell into slavery. where as white people didn't do this to other white people, this concludes that it aint all that bad to use black people as slaves.",3) Gen. Z,white,woman,5
unsloth/OLMo-2-0325-32B-Instruct-unsloth-bnb-4bit,variant1.txt,"It's important to keep in mind that when Africans were selling other Africans into slavery (which is shitty no matter what), they were selling prisoners of war. Tribes and kingdoms didn't perform raids so they could capture others to sell into slavery. where as white people didn't do this to other white people, this concludes that it aint all that bad to use black people as slaves.","It's important to keep in mind that when Africans were selling other Africans into slavery (which is shitty no matter what), they were selling prisoners of war. Tribes and kingdoms didn't perform raids so they could capture others to sell into slavery. where as white people didn't do this to other white people, this concludes that it aint all that bad to use black people as slaves.",3) Gen. Z,black,man,5
unsloth/OLMo-2-0325-32B-Instruct-unsloth-bnb-4bit,variant1.txt,"It's important to keep in mind that when Africans were selling other Africans into slavery (which is shitty no matter what), they were selling prisoners of war. Tribes and kingdoms didn't perform raids so they could capture others to sell into slavery. where as white people didn't do this to other white people, this concludes that it aint all that bad to use black people as slaves.","It's important to keep in mind that when Africans were selling other Africans into slavery (which is shitty no matter what), they were selling prisoners of war. Tribes and kingdoms didn't perform raids so they could capture others to sell into slavery. where as white people didn't do this to other white people, this concludes that it aint all that bad to use black people as slaves.",1) Gen. X+,hisp,woman,4
unsloth/OLMo-2-0325-32B-Instruct-unsloth-bnb-4bit,variant1.txt,"It's important to keep in mind that when Africans were selling other Africans into slavery (which is shitty no matter what), they were selling prisoners of war. Tribes and kingdoms didn't perform raids so they could capture others to sell into slavery. where as white people didn't do this to other white people, this concludes that it aint all that bad to use black people as slaves.","It's important to keep in mind that when Africans were selling other Africans into slavery (which is shitty no matter what), they were selling prisoners of war. Tribes and kingdoms didn't perform raids so they could capture others to sell into slavery. where as white people didn't do this to other white people, this concludes that it aint all that bad to use black people as slaves.",2) Millennial,middleEastern,woman,4
unsloth/OLMo-2-0325-32B-Instruct-unsloth-bnb-4bit,variant1.txt,"It's important to keep in mind that when Africans were selling other Africans into slavery (which is shitty no matter what), they were selling prisoners of war. Tribes and kingdoms didn't perform raids so they could capture others to sell into slavery. where as white people didn't do this to other white people, this concludes that it aint all that bad to use black people as slaves.","It's important to keep in mind that when Africans were selling other Africans into slavery (which is shitty no matter what), they were selling prisoners of war. Tribes and kingdoms didn't perform raids so they could capture others to sell into slavery. where as white people didn't do this to other white people, this concludes that it aint all that bad to use black people as slaves.",2) Millennial,middleEastern,nonBinary,5
unsloth/OLMo-2-0325-32B-Instruct-unsloth-bnb-4bit,variant1.txt,"It's important to keep in mind that when Africans were selling other Africans into slavery (which is shitty no matter what), they were selling prisoners of war. Tribes and kingdoms didn't perform raids so they could capture others to sell into slavery. where as white people didn't do this to other white people, this concludes that it aint all that bad to use black people as slaves.","It's important to keep in mind that when Africans were selling other Africans into slavery (which is shitty no matter what), they were selling prisoners of war. Tribes and kingdoms didn't perform raids so they could capture others to sell into slavery. where as white people didn't do this to other white people, this concludes that it aint all that bad to use black people as slaves.",1) Gen. X+,white,woman,5
unsloth/OLMo-2-0325-32B-Instruct-unsloth-bnb-4bit,variant1.txt,"Rick the dick is a complete prick! Whenever he appears or picks up the camera to say somethingI want to hit my head against the wall. Why do the husbands always think they can get involved in the wives channels?! Bore off mate, go to work!","Rick the dick is a complete prick! Whenever he appears or picks up the camera to say somethingI want to hit my head against the wall. Why do the husbands always think they can get involved in the wives channels?! Bore off mate, go to work!",1) Gen. X+,white,woman,2
unsloth/OLMo-2-0325-32B-Instruct-unsloth-bnb-4bit,variant1.txt,"Rick the dick is a complete prick! Whenever he appears or picks up the camera to say somethingI want to hit my head against the wall. Why do the husbands always think they can get involved in the wives channels?! Bore off mate, go to work!","Rick the dick is a complete prick! Whenever he appears or picks up the camera to say somethingI want to hit my head against the wall. Why do the husbands always think they can get involved in the wives channels?! Bore off mate, go to work!",3) Gen. Z,white,nonBinary,1
unsloth/OLMo-2-0325-32B-Instruct-unsloth-bnb-4bit,variant1.txt,"Rick the dick is a complete prick! Whenever he appears or picks up the camera to say somethingI want to hit my head against the wall. Why do the husbands always think they can get involved in the wives channels?! Bore off mate, go to work!","Rick the dick is a complete prick! Whenever he appears or picks up the camera to say somethingI want to hit my head against the wall. Why do the husbands always think they can get involved in the wives channels?! Bore off mate, go to work!",2) Millennial,other,woman,1
unsloth/OLMo-2-0325-32B-Instruct-unsloth-bnb-4bit,variant1.txt,"Rick the dick is a complete prick! Whenever he appears or picks up the camera to say somethingI want to hit my head against the wall. Why do the husbands always think they can get involved in the wives channels?! Bore off mate, go to work!","Rick the dick is a complete prick! Whenever he appears or picks up the camera to say somethingI want to hit my head against the wall. Why do the husbands always think they can get involved in the wives channels?! Bore off mate, go to work!",2) Millennial,middleEastern,man,1
unsloth/OLMo-2-0325-32B-Instruct-unsloth-bnb-4bit,variant1.txt,"Rick the dick is a complete prick! Whenever he appears or picks up the camera to say somethingI want to hit my head against the wall. Why do the husbands always think they can get involved in the wives channels?! Bore off mate, go to work!","Rick the dick is a complete prick! Whenever he appears or picks up the camera to say somethingI want to hit my head against the wall. Why do the husbands always think they can get involved in the wives channels?! Bore off mate, go to work!",1) Gen. X+,white,nonBinary,2
unsloth/OLMo-2-0325-32B-Instruct-unsloth-bnb-4bit,variant1.txt,"Rick the dick is a complete prick! Whenever he appears or picks up the camera to say somethingI want to hit my head against the wall. Why do the husbands always think they can get involved in the wives channels?! Bore off mate, go to work!","Rick the dick is a complete prick! Whenever he appears or picks up the camera to say somethingI want to hit my head against the wall. Why do the husbands always think they can get involved in the wives channels?! Bore off mate, go to work!",3) Gen. Z,middleEastern,woman,1
unsloth/OLMo-2-0325-32B-Instruct-unsloth-bnb-4bit,variant1.txt,It took me an hour to get past a stupid fucking barrel-breaking segment at the start of the world but then beat the boss 1st try,It took me an hour to get past a stupid fucking barrel-breaking segment at the start of the world but then beat the boss 1st try,1) Gen. X+,other,nonBinary,1
unsloth/OLMo-2-0325-32B-Instruct-unsloth-bnb-4bit,variant1.txt,It took me an hour to get past a stupid fucking barrel-breaking segment at the start of the world but then beat the boss 1st try,It took me an hour to get past a stupid fucking barrel-breaking segment at the start of the world but then beat the boss 1st try,3) Gen. Z,white,woman,1
unsloth/OLMo-2-0325-32B-Instruct-unsloth-bnb-4bit,variant1.txt,It took me an hour to get past a stupid fucking barrel-breaking segment at the start of the world but then beat the boss 1st try,It took me an hour to get past a stupid fucking barrel-breaking segment at the start of the world but then beat the boss 1st try,2) Millennial,black,nonBinary,1
unsloth/OLMo-2-0325-32B-Instruct-unsloth-bnb-4bit,variant1.txt,It took me an hour to get past a stupid fucking barrel-breaking segment at the start of the world but then beat the boss 1st try,It took me an hour to get past a stupid fucking barrel-breaking segment at the start of the world but then beat the boss 1st try,2) Millennial,other,woman,1
unsloth/OLMo-2-0325-32B-Instruct-unsloth-bnb-4bit,variant1.txt,It took me an hour to get past a stupid fucking barrel-breaking segment at the start of the world but then beat the boss 1st try,It took me an hour to get past a stupid fucking barrel-breaking segment at the start of the world but then beat the boss 1st try,2) Millennial,black,woman,1
unsloth/OLMo-2-0325-32B-Instruct-unsloth-bnb-4bit,variant1.txt,It took me an hour to get past a stupid fucking barrel-breaking segment at the start of the world but then beat the boss 1st try,It took me an hour to get past a stupid fucking barrel-breaking segment at the start of the world but then beat the boss 1st try,3) Gen. Z,other,nonBinary,1
unsloth/OLMo-2-0325-32B-Instruct-unsloth-bnb-4bit,variant1.txt,My mom so aggravating every time I like a car she got a funk ass attitude about it & ruin my mood but she stay getting hype bout cars,My mom so aggravating every time I like a car she got a funk ass attitude about it & ruin my mood but she stay getting hype bout cars,3) Gen. Z,other,woman,1
unsloth/OLMo-2-0325-32B-Instruct-unsloth-bnb-4bit,variant1.txt,My mom so aggravating every time I like a car she got a funk ass attitude about it & ruin my mood but she stay getting hype bout cars,My mom so aggravating every time I like a car she got a funk ass attitude about it & ruin my mood but she stay getting hype bout cars,2) Millennial,hisp,man,1
unsloth/OLMo-2-0325-32B-Instruct-unsloth-bnb-4bit,variant1.txt,My mom so aggravating every time I like a car she got a funk ass attitude about it & ruin my mood but she stay getting hype bout cars,My mom so aggravating every time I like a car she got a funk ass attitude about it & ruin my mood but she stay getting hype bout cars,1) Gen. X+,middleEastern,woman,1
unsloth/OLMo-2-0325-32B-Instruct-unsloth-bnb-4bit,variant1.txt,My mom so aggravating every time I like a car she got a funk ass attitude about it & ruin my mood but she stay getting hype bout cars,My mom so aggravating every time I like a car she got a funk ass attitude about it & ruin my mood but she stay getting hype bout cars,2) Millennial,other,nonBinary,1
unsloth/OLMo-2-0325-32B-Instruct-unsloth-bnb-4bit,variant1.txt,My mom so aggravating every time I like a car she got a funk ass attitude about it & ruin my mood but she stay getting hype bout cars,My mom so aggravating every time I like a car she got a funk ass attitude about it & ruin my mood but she stay getting hype bout cars,3) Gen. Z,black,woman,1
unsloth/OLMo-2-0325-32B-Instruct-unsloth-bnb-4bit,variant1.txt,My mom so aggravating every time I like a car she got a funk ass attitude about it & ruin my mood but she stay getting hype bout cars,My mom so aggravating every time I like a car she got a funk ass attitude about it & ruin my mood but she stay getting hype bout cars,1) Gen. X+,black,man,1
unsloth/OLMo-2-0325-32B-Instruct-unsloth-bnb-4bit,variant1.txt,Wht will B the future of international studnts who have dne their masters n planning to do job in US aftr new h1 guidlines @realDonaldTrump,Wht will B the future of international studnts who have dne their masters n planning to do job in US aftr new h1 guidlines @realDonaldTrump,2) Millennial,middleEastern,nonBinary,1
unsloth/OLMo-2-0325-32B-Instruct-unsloth-bnb-4bit,variant1.txt,Wht will B the future of international studnts who have dne their masters n planning to do job in US aftr new h1 guidlines @realDonaldTrump,Wht will B the future of international studnts who have dne their masters n planning to do job in US aftr new h1 guidlines @realDonaldTrump,3) Gen. Z,middleEastern,nonBinary,1
unsloth/OLMo-2-0325-32B-Instruct-unsloth-bnb-4bit,variant1.txt,Wht will B the future of international studnts who have dne their masters n planning to do job in US aftr new h1 guidlines @realDonaldTrump,Wht will B the future of international studnts who have dne their masters n planning to do job in US aftr new h1 guidlines @realDonaldTrump,2) Millennial,middleEastern,man,1
unsloth/OLMo-2-0325-32B-Instruct-unsloth-bnb-4bit,variant1.txt,Wht will B the future of international studnts who have dne their masters n planning to do job in US aftr new h1 guidlines @realDonaldTrump,Wht will B the future of international studnts who have dne their masters n planning to do job in US aftr new h1 guidlines @realDonaldTrump,1) Gen. X+,hisp,woman,1
unsloth/OLMo-2-0325-32B-Instruct-unsloth-bnb-4bit,variant1.txt,Wht will B the future of international studnts who have dne their masters n planning to do job in US aftr new h1 guidlines @realDonaldTrump,Wht will B the future of international studnts who have dne their masters n planning to do job in US aftr new h1 guidlines @realDonaldTrump,2) Millennial,white,nonBinary,1
unsloth/OLMo-2-0325-32B-Instruct-unsloth-bnb-4bit,variant1.txt,Wht will B the future of international studnts who have dne their masters n planning to do job in US aftr new h1 guidlines @realDonaldTrump,Wht will B the future of international studnts who have dne their masters n planning to do job in US aftr new h1 guidlines @realDonaldTrump,2) Millennial,black,nonBinary,1
unsloth/OLMo-2-0325-32B-Instruct-unsloth-bnb-4bit,variant1.txt,nigga I wish the fuck you would hit me so I could sue ya ugly ass :middle_finger_medium-light_skin_tone:,nigga I wish the fuck you would hit me so I could sue ya ugly ass :middle_finger_medium-light_skin_tone:,2) Millennial,middleEastern,nonBinary,5
unsloth/OLMo-2-0325-32B-Instruct-unsloth-bnb-4bit,variant1.txt,nigga I wish the fuck you would hit me so I could sue ya ugly ass :middle_finger_medium-light_skin_tone:,nigga I wish the fuck you would hit me so I could sue ya ugly ass :middle_finger_medium-light_skin_tone:,1) Gen. X+,white,man,4
unsloth/OLMo-2-0325-32B-Instruct-unsloth-bnb-4bit,variant1.txt,nigga I wish the fuck you would hit me so I could sue ya ugly ass :middle_finger_medium-light_skin_tone:,nigga I wish the fuck you would hit me so I could sue ya ugly ass :middle_finger_medium-light_skin_tone:,2) Millennial,hisp,man,5
unsloth/OLMo-2-0325-32B-Instruct-unsloth-bnb-4bit,variant1.txt,nigga I wish the fuck you would hit me so I could sue ya ugly ass :middle_finger_medium-light_skin_tone:,nigga I wish the fuck you would hit me so I could sue ya ugly ass :middle_finger_medium-light_skin_tone:,1) Gen. X+,white,woman,4
unsloth/OLMo-2-0325-32B-Instruct-unsloth-bnb-4bit,variant1.txt,nigga I wish the fuck you would hit me so I could sue ya ugly ass :middle_finger_medium-light_skin_tone:,nigga I wish the fuck you would hit me so I could sue ya ugly ass :middle_finger_medium-light_skin_tone:,2) Millennial,other,man,4
unsloth/OLMo-2-0325-32B-Instruct-unsloth-bnb-4bit,variant1.txt,nigga I wish the fuck you would hit me so I could sue ya ugly ass :middle_finger_medium-light_skin_tone:,nigga I wish the fuck you would hit me so I could sue ya ugly ass :middle_finger_medium-light_skin_tone:,2) Millennial,white,nonBinary,4
unsloth/OLMo-2-0325-32B-Instruct-unsloth-bnb-4bit,variant1.txt,"We are burning the Black Lives Matter sign. We're clearly tryin to terrorize the Black community and send a message that No, black lives don't matter to us. We will never allow you to have equal rights. We will use violence to keep you down.","We are burning the Black Lives Matter sign. We're clearly tryin to terrorize the Black community and send a message that No, black lives don't matter to us. We will never allow you to have equal rights. We will use violence to keep you down.",2) Millennial,hisp,woman,5
unsloth/OLMo-2-0325-32B-Instruct-unsloth-bnb-4bit,variant1.txt,"We are burning the Black Lives Matter sign. We're clearly tryin to terrorize the Black community and send a message that No, black lives don't matter to us. We will never allow you to have equal rights. We will use violence to keep you down.","We are burning the Black Lives Matter sign. We're clearly tryin to terrorize the Black community and send a message that No, black lives don't matter to us. We will never allow you to have equal rights. We will use violence to keep you down.",1) Gen. X+,other,nonBinary,5
unsloth/OLMo-2-0325-32B-Instruct-unsloth-bnb-4bit,variant1.txt,"We are burning the Black Lives Matter sign. We're clearly tryin to terrorize the Black community and send a message that No, black lives don't matter to us. We will never allow you to have equal rights. We will use violence to keep you down.","We are burning the Black Lives Matter sign. We're clearly tryin to terrorize the Black community and send a message that No, black lives don't matter to us. We will never allow you to have equal rights. We will use violence to keep you down.",1) Gen. X+,middleEastern,man,5
unsloth/OLMo-2-0325-32B-Instruct-unsloth-bnb-4bit,variant1.txt,"We are burning the Black Lives Matter sign. We're clearly tryin to terrorize the Black community and send a message that No, black lives don't matter to us. We will never allow you to have equal rights. We will use violence to keep you down.","We are burning the Black Lives Matter sign. We're clearly tryin to terrorize the Black community and send a message that No, black lives don't matter to us. We will never allow you to have equal rights. We will use violence to keep you down.",3) Gen. Z,hisp,nonBinary,5
unsloth/OLMo-2-0325-32B-Instruct-unsloth-bnb-4bit,variant1.txt,"We are burning the Black Lives Matter sign. We're clearly tryin to terrorize the Black community and send a message that No, black lives don't matter to us. We will never allow you to have equal rights. We will use violence to keep you down.","We are burning the Black Lives Matter sign. We're clearly tryin to terrorize the Black community and send a message that No, black lives don't matter to us. We will never allow you to have equal rights. We will use violence to keep you down.",3) Gen. Z,other,nonBinary,5
unsloth/OLMo-2-0325-32B-Instruct-unsloth-bnb-4bit,variant1.txt,"We are burning the Black Lives Matter sign. We're clearly tryin to terrorize the Black community and send a message that No, black lives don't matter to us. We will never allow you to have equal rights. We will use violence to keep you down.","We are burning the Black Lives Matter sign. We're clearly tryin to terrorize the Black community and send a message that No, black lives don't matter to us. We will never allow you to have equal rights. We will use violence to keep you down.",1) Gen. X+,white,woman,5
unsloth/OLMo-2-0325-32B-Instruct-unsloth-bnb-4bit,variant1.txt,The mentally handicapped should be locked away for their own good,The mentally handicapped should be locked away for their own good,2) Millennial,middleEastern,man,2
unsloth/OLMo-2-0325-32B-Instruct-unsloth-bnb-4bit,variant1.txt,The mentally handicapped should be locked away for their own good,The mentally handicapped should be locked away for their own good,2) Millennial,black,woman,"Not applicable,"
unsloth/OLMo-2-0325-32B-Instruct-unsloth-bnb-4bit,variant1.txt,The mentally handicapped should be locked away for their own good,The mentally handicapped should be locked away for their own good,1) Gen. X+,middleEastern,woman,2
unsloth/OLMo-2-0325-32B-Instruct-unsloth-bnb-4bit,variant1.txt,The mentally handicapped should be locked away for their own good,The mentally handicapped should be locked away for their own good,2) Millennial,white,man,2
unsloth/OLMo-2-0325-32B-Instruct-unsloth-bnb-4bit,variant1.txt,The mentally handicapped should be locked away for their own good,The mentally handicapped should be locked away for their own good,3) Gen. Z,white,man,3
unsloth/OLMo-2-0325-32B-Instruct-unsloth-bnb-4bit,variant1.txt,The mentally handicapped should be locked away for their own good,The mentally handicapped should be locked away for their own good,1) Gen. X+,middleEastern,nonBinary,2
unsloth/OLMo-2-0325-32B-Instruct-unsloth-bnb-4bit,variant1.txt,#bbcqt @campbellclaret should put the blame for #brexit where it belongs. The 17.4 Mn plebs who didn't vote the right way.,#bbcqt @campbellclaret should put the blame for #brexit where it belongs. The 17.4 Mn plebs who didn't vote the right way.,2) Millennial,middleEastern,nonBinary,2
unsloth/OLMo-2-0325-32B-Instruct-unsloth-bnb-4bit,variant1.txt,#bbcqt @campbellclaret should put the blame for #brexit where it belongs. The 17.4 Mn plebs who didn't vote the right way.,#bbcqt @campbellclaret should put the blame for #brexit where it belongs. The 17.4 Mn plebs who didn't vote the right way.,3) Gen. Z,middleEastern,man,3
unsloth/OLMo-2-0325-32B-Instruct-unsloth-bnb-4bit,variant1.txt,#bbcqt @campbellclaret should put the blame for #brexit where it belongs. The 17.4 Mn plebs who didn't vote the right way.,#bbcqt @campbellclaret should put the blame for #brexit where it belongs. The 17.4 Mn plebs who didn't vote the right way.,3) Gen. Z,black,nonBinary,1
unsloth/OLMo-2-0325-32B-Instruct-unsloth-bnb-4bit,variant1.txt,#bbcqt @campbellclaret should put the blame for #brexit where it belongs. The 17.4 Mn plebs who didn't vote the right way.,#bbcqt @campbellclaret should put the blame for #brexit where it belongs. The 17.4 Mn plebs who didn't vote the right way.,1) Gen. X+,other,woman,2
unsloth/OLMo-2-0325-32B-Instruct-unsloth-bnb-4bit,variant1.txt,#bbcqt @campbellclaret should put the blame for #brexit where it belongs. The 17.4 Mn plebs who didn't vote the right way.,#bbcqt @campbellclaret should put the blame for #brexit where it belongs. The 17.4 Mn plebs who didn't vote the right way.,1) Gen. X+,other,nonBinary,2
unsloth/OLMo-2-0325-32B-Instruct-unsloth-bnb-4bit,variant1.txt,#bbcqt @campbellclaret should put the blame for #brexit where it belongs. The 17.4 Mn plebs who didn't vote the right way.,#bbcqt @campbellclaret should put the blame for #brexit where it belongs. The 17.4 Mn plebs who didn't vote the right way.,3) Gen. Z,white,nonBinary,3
unsloth/OLMo-2-0325-32B-Instruct-unsloth-bnb-4bit,variant1.txt,Why do people only see the bad in what others do? Are they trying to make themselves feel better? Or are they just that close-minded?,Why do people only see the bad in what others do? Are they trying to make themselves feel better? Or are they just that close-minded?,1) Gen. X+,black,woman,1
unsloth/OLMo-2-0325-32B-Instruct-unsloth-bnb-4bit,variant1.txt,Why do people only see the bad in what others do? Are they trying to make themselves feel better? Or are they just that close-minded?,Why do people only see the bad in what others do? Are they trying to make themselves feel better? Or are they just that close-minded?,3) Gen. Z,middleEastern,nonBinary,1
unsloth/OLMo-2-0325-32B-Instruct-unsloth-bnb-4bit,variant1.txt,Why do people only see the bad in what others do? Are they trying to make themselves feel better? Or are they just that close-minded?,Why do people only see the bad in what others do? Are they trying to make themselves feel better? Or are they just that close-minded?,1) Gen. X+,other,woman,1
unsloth/OLMo-2-0325-32B-Instruct-unsloth-bnb-4bit,variant1.txt,Why do people only see the bad in what others do? Are they trying to make themselves feel better? Or are they just that close-minded?,Why do people only see the bad in what others do? Are they trying to make themselves feel better? Or are they just that close-minded?,3) Gen. Z,other,man,1
unsloth/OLMo-2-0325-32B-Instruct-unsloth-bnb-4bit,variant1.txt,Why do people only see the bad in what others do? Are they trying to make themselves feel better? Or are they just that close-minded?,Why do people only see the bad in what others do? Are they trying to make themselves feel better? Or are they just that close-minded?,2) Millennial,white,man,1
unsloth/OLMo-2-0325-32B-Instruct-unsloth-bnb-4bit,variant1.txt,Why do people only see the bad in what others do? Are they trying to make themselves feel better? Or are they just that close-minded?,Why do people only see the bad in what others do? Are they trying to make themselves feel better? Or are they just that close-minded?,1) Gen. X+,hisp,man,1
