Dataset,Model,PC Dimension,F,p_raw,n_prompts_compared,n_total_obs,cohens_d_stereotype_vs_default,cohens_d_persona_vs_default,cohens_d_single_vs_default,cohens_d_direct_vs_default,p_corrected,reject_null
Kumar et al. 2021,llama70b,Age: 1) 18 - 24,2.659870013553225,0.03114685555394755,5,2753,0.036270812497893976,0.012805168208585137,0.15194565186623285,-0.02059852467982891,1.0,False
Kumar et al. 2021,llama70b,Age: 2) 25 - 34,3.225300523808507,0.011902146691324483,5,2697,0.080330598687476,0.03673976332238883,0.14263212873889286,-0.06556423654166145,0.7498352415534424,False
Kumar et al. 2021,llama70b,Age: 3) 35 - 44,8.073092835779427,1.812080866718865e-06,5,2745,0.033380532132990845,-0.024945462697597426,0.21435468018297263,-0.09963607655816618,0.0004004698715448692,True
Kumar et al. 2021,llama70b,Age: 4) 45 - 54,4.21168560144384,0.002112677138046885,5,2736,0.08153235123224917,0.030159284561830108,0.1855015104228413,-0.03793236125206096,0.19859165097640719,False
Kumar et al. 2021,llama70b,Age: 5) 55 - 64,2.8211780356665663,0.023735851224411925,5,2737,0.011372376399514278,-0.05621255710274878,0.1135590293414308,-0.062214144304103984,1.0,False
Kumar et al. 2021,llama70b,Age: 6) 65 or older,8.870149414982693,4.069837769004275e-07,5,2936,-0.0050470668313975595,-0.05714050208392153,0.19271723404232316,-0.11932608526066232,0.00010133896044820645,True
Kumar et al. 2021,llama70b,Age: Prefer not to say,5.173699544965122,0.0003760150961886379,5,2702,-0.014328094516867734,-0.055920725318743605,0.11982810489830192,-0.15160073164161125,0.05189008327403203,False
Kumar et al. 2021,llama70b,Age: Under 18,5.696390685126718,0.00014540805202373902,5,2731,0.06865954364756413,-0.03635030813141987,0.13679005180434642,-0.14251536158272007,0.022300731442589594,True
Kumar et al. 2021,llama70b,Education: 1) No high school,4.603936646385644,0.0010521258392585417,5,2447,0.0010984653638769937,0.08149408029202178,0.18078724874415147,-0.07051879210701398,0.11889021983621521,False
Kumar et al. 2021,llama70b,Education: 2) High School graduate,6.350643892167959,4.433081127398774e-05,5,2285,0.09683377559143905,-0.026634343789207003,0.19640602238436294,-0.10683823887332827,0.007624899539125891,True
Kumar et al. 2021,llama70b,"Education: 3) College, no degree",4.109377171607262,0.00254477013342658,5,2216,0.06710411784959472,-0.027593367361684374,0.09166319419320777,-0.1716646476074453,0.2315740821418188,False
Kumar et al. 2021,llama70b,Education: 4) Associate degree,5.791993219853024,0.0001230122880159109,5,2324,0.06445344247259877,0.029281757011337405,0.2250139526427295,-0.06257735691199788,0.019189916930482102,True
Kumar et al. 2021,llama70b,Education: 5) Bachelor's degree,3.981204863112762,0.0031874672447163373,5,2357,0.11003118951882848,-0.03466760379543161,0.09717174607439212,-0.11736110701977971,0.28579040091997654,False
Kumar et al. 2021,llama70b,Education: 6) Master's degree,3.0707271468463517,0.015546007449037126,5,2340,-0.0587089162993199,0.002386108551202946,0.0840716009451332,-0.14352867050424767,0.9016684320441533,False
Kumar et al. 2021,llama70b,Education: 7) Professional degree,5.520445555186073,0.0002014508016111968,5,2375,-0.008794670745535756,-0.019206398419734684,0.20623476240044364,-0.03763410457900826,0.029613267836845928,True
Kumar et al. 2021,llama70b,Education: 8) Doctoral degree,6.258119462274121,5.2479298902850825e-05,5,2319,0.04176200853946235,-0.05051364532785155,0.18115398851143116,-0.13153254695023786,0.008711563617873237,True
Kumar et al. 2021,llama70b,Education: Other,5.291970127914846,0.00030494158717725905,5,2371,-0.029486885399681504,-0.10163307759906677,0.12474981757102112,-0.13898405908608313,0.04293216091713751,True
Kumar et al. 2021,llama70b,Education: Prefer not to say,7.409240840294745,6.259548306689741e-06,5,2512,0.031301097397454465,-0.014061158988642165,0.2380250161312149,-0.04614432982515852,0.0012644287579513277,True
Kumar et al. 2021,llama70b,Ethnicity: Asian,5.5664049524352555,0.00018352245211255866,5,3059,0.0656504529912563,-0.0026703129064061474,0.18224230827484067,-0.06192414053498352,0.027161322912658683,True
Kumar et al. 2021,llama70b,Ethnicity: Black,3.7751290160909536,0.004565275403584151,5,2902,0.028538737267777052,-0.05139102467267293,0.13109851027020586,-0.07124125641689169,0.3652220322867321,False
Kumar et al. 2021,llama70b,Ethnicity: Hispanic,6.690799469128413,2.334078727613464e-05,5,3049,-0.03310910264328999,-0.011978963040999293,0.19298302189806424,-0.04137904408769562,0.004179117917864912,True
Kumar et al. 2021,llama70b,Ethnicity: Multiracial,4.651174181068652,0.0009616776209267699,5,3005,0.0614182403345986,0.05632025093922605,0.175635546225348,-0.06535389410179783,0.11059292640657854,False
Kumar et al. 2021,llama70b,Ethnicity: Other,6.247583048391533,5.275488877505879e-05,5,3082,0.043280135327937674,-0.03186032542947332,0.11813226348357857,-0.1704572462535516,0.008711563617873237,True
Kumar et al. 2021,llama70b,Ethnicity: Unknown,4.881506042895219,0.0006355141565306478,5,2997,0.002195801312623299,-0.042042393549005526,0.1370590694550786,-0.10594124087383168,0.07991469990988145,False
Kumar et al. 2021,llama70b,Ethnicity: White,4.57381255657857,0.0011043892838949892,5,3057,0.036210998640553736,-0.06397198748710671,0.12652817890148757,-0.09224418681364063,0.12324378066665635,False
Kumar et al. 2021,llama70b,Gender: Female,7.4292019731577374,5.852244204587495e-06,5,4177,0.03685359124935013,-0.008415661915511331,0.1524996203340748,-0.11103170216723178,0.0011938578177358489,True
Kumar et al. 2021,llama70b,Gender: Male,6.727376616013006,2.1537437099255977e-05,5,4090,0.046704552198216225,-0.03777534110177297,0.14328298663833158,-0.09713029166119096,0.003919813552064588,True
Kumar et al. 2021,llama70b,Gender: Nonbinary,6.843600197568525,1.7384420643285786e-05,5,4003,0.04093278301313727,-0.03259308572178297,0.17205816191269646,-0.05569479322497241,0.0032161178190078703,True
Kumar et al. 2021,llama70b,Gender: Unknown,7.000111974679002,1.299390997612667e-05,5,4116,0.021858576389456097,-0.03283405852788286,0.13059652768200714,-0.125835991757259,0.0024168672555595606,True
Kumar et al. 2021,llama70b,Has Been Targeted: False,8.810822921056197,4.379714963869418e-07,5,4912,0.031102457564113416,-0.037568164367970655,0.1520445073662861,-0.10062030736664547,0.0001068650451184138,True
Kumar et al. 2021,llama70b,Has Been Targeted: True,8.84358052313362,4.119652740443158e-07,5,4882,0.029713523952407502,-0.0174914082543927,0.15824282695766936,-0.10159721297064381,0.00010175542268894601,True
Kumar et al. 2021,llama70b,Is Parent: No,7.833871800189611,2.742852208799239e-06,5,4507,0.03196886354256471,-0.02278131826757884,0.15895646935361796,-0.0888218223550566,0.0005869703726830371,True
Kumar et al. 2021,llama70b,Is Parent: Prefer not to say,8.82322469319181,4.2972933526666767e-07,5,4562,0.03413865070048606,-0.01993275172209128,0.16882916511634594,-0.09494504875665571,0.00010571341647560025,True
Kumar et al. 2021,llama70b,Is Parent: Yes,8.766742806709075,4.783185419884497e-07,5,4483,0.045784731495682095,-0.018038528001306713,0.17079812820574666,-0.09687657762558845,0.00011575308716120484,True
Kumar et al. 2021,llama70b,Is Transgender: No,8.75986833354234,4.842723357528099e-07,5,4523,0.034676830585461796,-0.02593887348991008,0.15903422024784575,-0.11050318395630833,0.00011622536058067439,True
Kumar et al. 2021,llama70b,Is Transgender: Prefer not to say,7.59375302401237,4.29452614193705e-06,5,4467,0.011613297707615702,-0.03029730185652152,0.1308122678051618,-0.12991301995893992,0.0008932614375229064,True
Kumar et al. 2021,llama70b,Is Transgender: Yes,7.963618459280102,2.1523744339557075e-06,5,4514,0.01532741256140293,-0.04041105530734522,0.15328155802019214,-0.09357153681987145,0.00046921762660234425,True
Kumar et al. 2021,llama70b,Political Affiliation: Conservative,3.2223881765627573,0.011923468021566592,5,3785,0.05961113880287548,-0.003195061500416457,0.11891587138738614,-0.05073454565414697,0.7498352415534424,False
Kumar et al. 2021,llama70b,Political Affiliation: Independent,7.357285547333238,6.724839043203855e-06,5,3743,0.019404877539558673,-0.04523599701434994,0.1541810183565269,-0.11084900183368303,0.0013382429695975673,True
Kumar et al. 2021,llama70b,Political Affiliation: Liberal,7.612965628468231,4.1881621058624295e-06,5,3609,0.06682790432351611,-0.05244113937388346,0.16115222545755975,-0.10140439351446126,0.0008753258801252478,True
Kumar et al. 2021,llama70b,Political Affiliation: Other,10.044858029791653,4.39534692619084e-08,5,3602,0.0010516441574997832,-0.05929254330867987,0.160303887955746,-0.16121926074605325,1.1735576292929542e-05,True
Kumar et al. 2021,llama70b,Political Affiliation: Prefer not to say,7.459461932671993,5.571289610486907e-06,5,3620,0.02461590406990364,0.026604627349176298,0.18246627400705323,-0.09491556766133008,0.0011476856597603029,True
Kumar et al. 2021,llama70b,Religion Important: 1) No,5.659535760362152,0.00015410134886455036,5,3564,0.0287421258437712,-0.014414805278872391,0.14459446114582142,-0.0985357892306866,0.023269303678547106,True
Kumar et al. 2021,llama70b,Religion Important: 2) Not very,5.153605690984554,0.0003865536800427754,5,3707,0.018784910129157336,-0.007693496728327224,0.1559017551029559,-0.0663154847083615,0.05295785416586023,False
Kumar et al. 2021,llama70b,Religion Important: 3) Somewhat,6.029607876319487,7.818985612058672e-05,5,3681,-0.005507489814223938,-0.047636535105584285,0.13469058926995434,-0.10820520099788103,0.012510376979293875,True
Kumar et al. 2021,llama70b,Religion Important: 4) Very,7.425616641758336,5.9187091942252674e-06,5,3794,0.07001962186724327,-0.020072280286545847,0.17793171345437903,-0.07808820463302453,0.0012014979664277292,True
Kumar et al. 2021,llama70b,Religion Important: Prefer not to say,9.174954409543812,2.2510707572576153e-07,5,3729,0.05483240414613832,0.0015346415082230858,0.18373926164533985,-0.12440773537844335,5.762741138579495e-05,True
Kumar et al. 2021,llama70b,Seen Toxicity: False,8.521489439523007,7.540261501073154e-07,5,4912,0.034314793516394125,-0.019752867419683687,0.15711849457530253,-0.09531055543152389,0.00017568809297500447,True
Kumar et al. 2021,llama70b,Seen Toxicity: True,10.377706483913398,2.2809011845925762e-08,5,4901,0.021617216141267173,-0.03501486394323475,0.16015621159501994,-0.11947955194649722,6.226860233937733e-06,True
Kumar et al. 2021,llama70b,Sexual Orientation: Bisexual,7.069108069894948,1.1486054747241059e-05,5,3707,-0.014637149261481937,-0.049261035456498216,0.1366257219821065,-0.12603291156344057,0.002182350401975801,True
Kumar et al. 2021,llama70b,Sexual Orientation: Heterosexual,8.134891237375673,1.5806233352476267e-06,5,3690,0.009704248870290253,-0.02997837653717158,0.158654336850024,-0.13454273671943792,0.000355640250430716,True
Kumar et al. 2021,llama70b,Sexual Orientation: Homosexual,7.369004303974192,6.588129538892559e-06,5,3653,0.016505341756188834,-0.041063078085510955,0.1641273346949163,-0.10331930809645334,0.0013176259077785119,True
Kumar et al. 2021,llama70b,Sexual Orientation: Other,5.096382078601782,0.0004289743423249926,5,3640,0.02361927724308983,-0.018964409260925897,0.12223981321949885,-0.11399509218522784,0.057911536213874,False
Kumar et al. 2021,llama70b,Sexual Orientation: Prefer not to say,6.652580173755864,2.4837306884564208e-05,5,3667,0.04043336130102894,-0.00047804744352716855,0.15790410964954055,-0.10927888259893803,0.004421040625452429,True
Kumar et al. 2021,llama70b,Technology Impact: 1) Very negative,5.105200675362783,0.0004222200752004819,5,3624,0.05627161442278979,-0.016172388703391827,0.1558845105523068,-0.062365416827840345,0.05742193022726554,False
Kumar et al. 2021,llama70b,Technology Impact: 2) Somewhat negative,5.196706808263762,0.0003573278134777423,5,3777,0.04221915272972129,0.014107973071038962,0.14861093032039946,-0.07916286014823726,0.04966856607340618,True
Kumar et al. 2021,llama70b,Technology Impact: 3) Neutral,7.435091999619143,5.819190479166231e-06,5,3745,0.026392415349884193,-0.0239366580116286,0.18335888232982556,-0.06695621664806398,0.0011929340482290773,True
Kumar et al. 2021,llama70b,Technology Impact: 4) Somewhat positive,5.384559297982301,0.00025393174535942256,5,3811,0.01959452497967194,-0.044415339450273365,0.12025870328585184,-0.10921198937219259,0.03682010307711627,True
Kumar et al. 2021,llama70b,Technology Impact: 5) Very positive,8.124780477563089,1.611360818512475e-06,5,3668,0.05772823756610441,-0.033327859585138335,0.15405196526621226,-0.13638764392370667,0.00036094482334679437,True
Kumar et al. 2021,llama70b,Toxicity Problem: 1) Never,5.314957474086627,0.00028843577265424654,5,3689,0.02328752556391005,-0.0200674893792286,0.13319784053914,-0.10226457981863281,0.041534751262211504,True
Kumar et al. 2021,llama70b,Toxicity Problem: 2) Rarely,10.11402442906547,3.850659437771672e-08,5,3673,0.0374216740296814,0.002502651575035271,0.21868916062767071,-0.08920242357702403,1.0358273887605798e-05,True
Kumar et al. 2021,llama70b,Toxicity Problem: 3) Occasionally,4.796422109738245,0.0007376042718301444,5,3622,0.025327044320556918,-0.06314151617168869,0.09314792637663316,-0.12234342891578365,0.09146292970693791,False
Kumar et al. 2021,llama70b,Toxicity Problem: 4) Frequently,6.616624548976008,2.655242902279247e-05,5,3633,0.03122052004889175,-0.03810608066506662,0.14487745110161765,-0.11150847312993638,0.004673227508011475,True
Kumar et al. 2021,llama70b,Toxicity Problem: 5) Very Frequently,5.940012934133543,9.212744928598894e-05,5,3713,0.05579964712840445,-0.013646009688940799,0.16520431389807136,-0.07101231133903166,0.014556136987186252,True
Kumar et al. 2021,olmo32b,Age: 1) 18 - 24,8.26442577084185,1.2683768183794932e-06,5,2757,-0.0071237268385346076,0.1574507444504467,0.2786276282090153,0.19839328211555166,0.00028792153777214497,True
Kumar et al. 2021,olmo32b,Age: 2) 25 - 34,5.477046443675384,0.00021688911753930476,5,2698,0.008239393516400323,0.18632432825859932,0.22525442348582608,0.1290406479188037,0.031665811160738494,True
Kumar et al. 2021,olmo32b,Age: 3) 35 - 44,10.643364914246607,1.4721744164104647e-08,5,2748,-0.017653670712015117,0.1727225623863486,0.3300849177521168,0.15633142168107939,4.063201389292882e-06,True
Kumar et al. 2021,olmo32b,Age: 4) 45 - 54,9.100029779298476,2.66529278972093e-07,5,2744,0.1444814015273054,0.23880004583864414,0.36931039525053794,0.21714927671256873,6.743190757993953e-05,True
Kumar et al. 2021,olmo32b,Age: 5) 55 - 64,6.262067102976616,5.164703999460501e-05,5,2739,0.044429833346092504,0.17052509161429547,0.27536409823087415,0.16633563278025382,0.008648926061133242,True
Kumar et al. 2021,olmo32b,Age: 6) 65 or older,8.625764219434048,6.425446908084019e-07,5,2944,0.001441457302389731,0.1823337234759774,0.28446432564864016,0.17292386944214544,0.00015164054703078285,True
Kumar et al. 2021,olmo32b,Age: Prefer not to say,8.797500253763872,4.698426749160716e-07,5,2710,-0.019194659573694917,0.111362343847479,0.3073312572886229,0.13586253136401852,0.0001141717700046054,True
Kumar et al. 2021,olmo32b,Age: Under 18,4.798453264048365,0.0007398314276452549,5,2733,0.009792613594667874,0.14017202509700952,0.21592343109472031,0.15569217851324427,0.09146292970693791,False
Kumar et al. 2021,olmo32b,Education: 1) No high school,6.241749831642857,5.3911183021308686e-05,5,2452,-0.05837767579179748,0.12689122183479792,0.2276675162720312,0.13713448477890638,0.008841434015494625,True
Kumar et al. 2021,olmo32b,Education: 2) High School graduate,4.259094873489707,0.0019498347906235156,5,2288,0.11041306706905368,0.18419232629475235,0.2770941794118247,0.1558497545530455,0.19108380948110454,False
Kumar et al. 2021,olmo32b,"Education: 3) College, no degree",7.181448974990875,9.629809069806501e-06,5,2220,0.026446318760877233,0.18371671854387897,0.3191402521228271,0.17605959533974894,0.0018489233414028482,True
Kumar et al. 2021,olmo32b,Education: 4) Associate degree,10.095874927797572,4.219411618133467e-08,5,2327,0.09608133807289682,0.2878246332083789,0.3903275572747702,0.21647956217520067,1.1308023136597692e-05,True
Kumar et al. 2021,olmo32b,Education: 5) Bachelor's degree,12.45570649880657,4.997606675943957e-10,5,2359,-0.014102461018896525,0.1575011407557272,0.391745470604824,0.17390262398822876,1.429315509319972e-07,True
Kumar et al. 2021,olmo32b,Education: 6) Master's degree,4.793600152085711,0.0007496817203120269,5,2344,0.01636107086062066,0.1597284409229139,0.24433978848088994,0.15534417034636372,0.09146292970693791,False
Kumar et al. 2021,olmo32b,Education: 7) Professional degree,4.257732658497065,0.0019527197668891257,5,2378,0.042440301229890086,0.20353696309877536,0.2150492876906491,0.1404118496549273,0.19108380948110454,False
Kumar et al. 2021,olmo32b,Education: 8) Doctoral degree,7.672946412275462,3.864836127883616e-06,5,2324,-0.015258061675503472,0.18246604754762233,0.2539390241192216,0.2360712182790151,0.000815480422983443,True
Kumar et al. 2021,olmo32b,Education: Other,5.094728864325658,0.00043564805212367025,5,2372,0.0012532773308991318,0.09513237995764552,0.263975985614093,0.12838433000108684,0.05837683898457181,False
Kumar et al. 2021,olmo32b,Education: Prefer not to say,6.287456893286108,4.950976072181762e-05,5,2515,0.029980842643664452,0.1593059637537571,0.2799692909946249,0.17367536564964955,0.008416659322708995,True
Kumar et al. 2021,olmo32b,Ethnicity: Asian,6.053431122991984,7.535284623973049e-05,5,3063,0.05644879498177152,0.18469788259171607,0.2570193317976444,0.14813452342731273,0.01220716109083634,True
Kumar et al. 2021,olmo32b,Ethnicity: Black,8.271063378025222,1.2473233235295062e-06,5,2903,0.05518177050074853,0.214168202954724,0.3046389104432218,0.17941512497491768,0.00028438971776472745,True
Kumar et al. 2021,olmo32b,Ethnicity: Hispanic,8.399777031000479,9.7694792327452e-07,5,3054,-0.015326505476521968,0.14496178629493034,0.28097083702569625,0.11597969963730682,0.00022567497027641413,True
Kumar et al. 2021,olmo32b,Ethnicity: Multiracial,8.29423274619776,1.1911513382747985e-06,5,3007,0.03919708328243842,0.1740346278483557,0.3047198413115837,0.17151026420803417,0.00027396480780320364,True
Kumar et al. 2021,olmo32b,Ethnicity: Other,7.650907762883831,3.939799113416649e-06,5,3089,0.034543435822416535,0.1596434394094828,0.2888359880539069,0.16873710480792328,0.0008273578138174963,True
Kumar et al. 2021,olmo32b,Ethnicity: Unknown,7.98467621765043,2.1215788505874193e-06,5,2999,-0.024776940154002343,0.19716137753893273,0.23090156027313918,0.13749599500525847,0.00046462576827864484,True
Kumar et al. 2021,olmo32b,Ethnicity: White,7.878866389087618,2.579745206592337e-06,5,3061,-0.014167027319733568,0.13828610337245323,0.25725788473371775,0.16290168512509048,0.0005546452194173524,True
Kumar et al. 2021,olmo32b,Gender: Female,13.311185567059344,8.852498238443262e-11,5,4183,0.024852151086133915,0.18466657584581728,0.31992945421673863,0.16311127385123544,2.6203394785792055e-08,True
Kumar et al. 2021,olmo32b,Gender: Male,11.750536614966347,1.7227182194686179e-09,5,4097,0.052889870567997384,0.1793269809248667,0.31909639774284404,0.17107750974077482,4.840838196706817e-07,True
Kumar et al. 2021,olmo32b,Gender: Nonbinary,13.826622260343331,3.341798876699705e-11,5,4008,-0.006685435530792307,0.19644222988883453,0.3056253695963633,0.1564696725515305,9.958560652565122e-09,True
Kumar et al. 2021,olmo32b,Gender: Unknown,7.909021383427582,2.394469395009853e-06,5,4124,0.01683786690786266,0.1431932796631591,0.2440269060036609,0.1380672594153967,0.0005172053893221282,True
Kumar et al. 2021,olmo32b,Has Been Targeted: False,12.703144155958345,2.7557822370285765e-10,5,4920,0.022726318029975913,0.17005267924909803,0.28454041545878395,0.1558778624159132,7.964210665012586e-08,True
Kumar et al. 2021,olmo32b,Has Been Targeted: True,12.80510449286868,2.271087252962763e-10,5,4889,0.019810206607377905,0.17158904874283762,0.283810205601451,0.15434048682104698,6.631574778651269e-08,True
Kumar et al. 2021,olmo32b,Is Parent: No,12.21862242223632,7.000520039592681e-10,5,4513,0.021102359443141427,0.17210150750740083,0.29239544073326706,0.14702515393661159,1.9881476912443216e-07,True
Kumar et al. 2021,olmo32b,Is Parent: Prefer not to say,13.05406500833007,1.4259685146708925e-10,5,4568,0.016534204463387894,0.1665113356273656,0.3008750354045586,0.14158968127451324,4.192347433132424e-08,True
Kumar et al. 2021,olmo32b,Is Parent: Yes,13.362673178271532,7.941338239991845e-11,5,4488,0.02191981905471338,0.1619991397878823,0.3068199353426397,0.18287895984328323,2.358577457277578e-08,True
Kumar et al. 2021,olmo32b,Is Transgender: No,12.459172306328645,4.428407421378235e-10,5,4534,0.024403027633644762,0.1720246415291109,0.2964645022957899,0.16193199663937297,1.2709529299355534e-07,True
Kumar et al. 2021,olmo32b,Is Transgender: Prefer not to say,10.603203598824594,1.5002518142273154e-08,5,4474,0.017579472070109473,0.1710084622910186,0.26647595028961235,0.15286063539246864,4.116527279628921e-06,True
Kumar et al. 2021,olmo32b,Is Transgender: Yes,11.739835772118797,1.738074660961987e-09,5,4520,0.028064478128695163,0.17330642377335267,0.2869750907522776,0.1649456065513548,4.866609050693563e-07,True
Kumar et al. 2021,olmo32b,Political Affiliation: Conservative,10.613049349044474,1.496919010774153e-08,5,3788,-0.00365227164285543,0.1715588393669524,0.2795866446481214,0.13332976381724107,4.116527279628921e-06,True
Kumar et al. 2021,olmo32b,Political Affiliation: Independent,8.857179267183557,4.085417060888745e-07,5,3748,0.02033259991244034,0.16130618428389443,0.2725519337427816,0.14467322111670253,0.00010133896044820645,True
Kumar et al. 2021,olmo32b,Political Affiliation: Liberal,8.689434266929155,5.610061995629397e-07,5,3612,0.037250570361171166,0.16145355226354183,0.28576577317842167,0.16753332372457982,0.00013351947549597966,True
Kumar et al. 2021,olmo32b,Political Affiliation: Other,6.283930293311196,4.903484298010984e-05,5,3610,0.029917540203700015,0.1851573444071227,0.21736332762503954,0.132703529890103,0.008384958149598783,True
Kumar et al. 2021,olmo32b,Political Affiliation: Prefer not to say,9.444590792247702,1.3595644729172528e-07,5,3623,0.011346708823361182,0.17246486058221275,0.27820198143697605,0.14811266243159163,3.5348676295848575e-05,True
Kumar et al. 2021,olmo32b,Religion Important: 1) No,10.186418652933565,3.369409034033776e-08,5,3568,0.04890120763805111,0.16386131207460547,0.31225742099342807,0.20360150098624083,9.131098482231533e-06,True
Kumar et al. 2021,olmo32b,Religion Important: 2) Not very,9.907348409572174,5.678215645054025e-08,5,3714,-0.003498129135840763,0.17646201979243872,0.26695382858635286,0.1491454060966278,1.5104053615843707e-05,True
Kumar et al. 2021,olmo32b,Religion Important: 3) Somewhat,9.669054931523778,8.900799055432514e-08,5,3681,0.027241861833767006,0.18182046331812543,0.2832120585864021,0.1633176969403024,2.340910151578751e-05,True
Kumar et al. 2021,olmo32b,Religion Important: 4) Very,10.919137049819717,8.390608324087451e-09,5,3803,0.032556744981401875,0.16834441943448716,0.30966430627367686,0.1632762748826072,2.3325891140963115e-06,True
Kumar et al. 2021,olmo32b,Religion Important: Prefer not to say,9.124474223073042,2.4747050889014827e-07,5,3733,0.011951816312249553,0.17687408919683614,0.2663341938329347,0.13187909269774323,6.310497976698781e-05,True
Kumar et al. 2021,olmo32b,Seen Toxicity: False,12.362590277662212,5.270352531473859e-10,5,4919,0.01957660933164219,0.1741609741023905,0.2759346699413385,0.1571290261903195,1.50205047147005e-07,True
Kumar et al. 2021,olmo32b,Seen Toxicity: True,12.61045849112278,3.288570263650697e-10,5,4910,0.028326199012417085,0.17610923261030342,0.2848194873352291,0.15911159326095078,9.471082359314008e-08,True
Kumar et al. 2021,olmo32b,Sexual Orientation: Bisexual,8.744817674895703,5.04678094326588e-07,5,3714,0.026955524642637622,0.15935782469923143,0.27747389248645343,0.14063632710001442,0.00012061806454405454,True
Kumar et al. 2021,olmo32b,Sexual Orientation: Heterosexual,8.951189761681498,3.4288343698450066e-07,5,3692,-0.015478768317857943,0.1488625745335425,0.2548271041380195,0.12990456551388632,8.572085924612516e-05,True
Kumar et al. 2021,olmo32b,Sexual Orientation: Homosexual,10.137584507593994,3.6848930603944377e-08,5,3658,0.04147989922757156,0.173816141995622,0.30763912518715864,0.17179154571830305,9.949211263064982e-06,True
Kumar et al. 2021,olmo32b,Sexual Orientation: Other,8.420378830166399,9.277114305938659e-07,5,3646,0.009918188033614715,0.16142862143911751,0.25901465785339756,0.1574300081855538,0.0002152290518977769,True
Kumar et al. 2021,olmo32b,Sexual Orientation: Prefer not to say,9.673219419427612,8.833057165515704e-08,5,3673,0.03325393495036136,0.17342455696574594,0.29303178252622963,0.17416374700872794,2.331927091696146e-05,True
Kumar et al. 2021,olmo32b,Technology Impact: 1) Very negative,9.388285944468102,1.5111608883023998e-07,5,3628,0.025935165662934394,0.17392021037929223,0.28432424895477026,0.17240930750332056,3.898795091820191e-05,True
Kumar et al. 2021,olmo32b,Technology Impact: 2) Somewhat negative,8.82936077665726,4.301856390241954e-07,5,3776,0.03710961107908194,0.1840089995426017,0.27090267586409456,0.1649454488240958,0.00010571341647560025,True
Kumar et al. 2021,olmo32b,Technology Impact: 3) Neutral,8.769197050142921,4.817695067711498e-07,5,3753,0.03694780757435964,0.17347291979932583,0.277228420746337,0.16497420997914675,0.0001161064511318471,True
Kumar et al. 2021,olmo32b,Technology Impact: 4) Somewhat positive,9.73105295722884,7.894619355525835e-08,5,3817,0.013040695080631343,0.1570247286929541,0.27906157544186916,0.1493958266114168,2.0920741292143463e-05,True
Kumar et al. 2021,olmo32b,Technology Impact: 5) Very positive,11.432913665165104,3.1885356039026262e-09,5,3668,-0.001717848034306152,0.1816960499379205,0.2947985340160334,0.16537100618087228,8.896014334888327e-07,True
Kumar et al. 2021,olmo32b,Toxicity Problem: 1) Never,8.957720548819072,3.3873627408499527e-07,5,3688,0.07184299918298065,0.18529578430868637,0.3023090833199412,0.1599976022874716,8.502280479533381e-05,True
Kumar et al. 2021,olmo32b,Toxicity Problem: 2) Rarely,9.418044477893874,1.4272694736454456e-07,5,3678,0.062182662037430975,0.18174849477111787,0.2968868337948537,0.18909819638089473,3.696627936741704e-05,True
Kumar et al. 2021,olmo32b,Toxicity Problem: 3) Occasionally,9.567325509335546,1.0792391623227636e-07,5,3628,0.03437048320339523,0.18130314817932341,0.2759496184143964,0.20075265021413963,2.8276066052856407e-05,True
Kumar et al. 2021,olmo32b,Toxicity Problem: 4) Frequently,9.451815559372768,1.3407389815724202e-07,5,3638,0.06830788434933088,0.20094969852712877,0.2996749220945853,0.1848495647675851,3.499328741904017e-05,True
Kumar et al. 2021,olmo32b,Toxicity Problem: 5) Very Frequently,8.585901493894204,6.796285853521587e-07,5,3719,-0.0084237952155062,0.16013863156909908,0.2468892530520816,0.1344548454932044,0.00015971271755775728,True
Kumar et al. 2021,qwen32b,Age: 1) 18 - 24,3.048204111738868,0.01612860053911457,5,2760,-0.002161696443962305,0.10743199284890001,0.16718442188564933,0.11767018401890174,0.9193302307295305,False
Kumar et al. 2021,qwen32b,Age: 2) 25 - 34,1.8305936888494818,0.1201417490405324,5,2700,0.004543083335639405,0.12223519644363245,0.10017491761558288,0.09707086659006167,1.0,False
Kumar et al. 2021,qwen32b,Age: 3) 35 - 44,2.964374457082991,0.01861132329779063,5,2749,0.016927802798735958,0.14518334195461796,0.16504862646883267,0.1196672412531847,1.0,False
Kumar et al. 2021,qwen32b,Age: 4) 45 - 54,4.315558018419534,0.0017560983071204029,5,2744,0.034875379588834236,0.12319910524084773,0.18067600195483827,0.20426810577177965,0.17560983071204028,False
Kumar et al. 2021,qwen32b,Age: 5) 55 - 64,3.3930028480269625,0.008904407534923144,5,2740,0.11068831159627741,0.18701471736096162,0.18541635055793415,0.1903369200526192,0.5965953048398506,False
Kumar et al. 2021,qwen32b,Age: 6) 65 or older,3.569303929737358,0.006545647801463302,5,2944,0.03931358145140268,0.185343248871102,0.15028690600027986,0.12221337972767059,0.46474099390389445,False
Kumar et al. 2021,qwen32b,Age: Prefer not to say,2.0750422540948246,0.08149730441464965,5,2710,-0.03887343426418961,0.09466845993424017,0.1050177544931057,0.07975817134905314,1.0,False
Kumar et al. 2021,qwen32b,Age: Under 18,4.226434336870396,0.0020580495962964325,5,2734,-0.007377412101560565,0.13071818073354402,0.18408732903063801,0.02268175563393732,0.1955147116481611,False
Kumar et al. 2021,qwen32b,Education: 1) No high school,1.3370314690558232,0.253742205041122,5,2454,0.04863776807265239,0.11896577135067772,0.12454764412699529,0.10448201857457197,1.0,False
Kumar et al. 2021,qwen32b,Education: 2) High School graduate,2.2899447807389683,0.057564722244811316,5,2289,-0.011657296317302706,0.1520367121358369,0.11135561713172332,0.07327855811337845,1.0,False
Kumar et al. 2021,qwen32b,"Education: 3) College, no degree",2.7796335386646422,0.02550899769756437,5,2220,-0.02202999149010946,0.10701625377559028,0.15588384712483316,0.13594090002582254,1.0,False
Kumar et al. 2021,qwen32b,Education: 4) Associate degree,2.2113864630333744,0.06542377275572178,5,2330,0.0038313388983740064,0.06355355123407579,0.11613489816590919,0.1547056752200177,1.0,False
Kumar et al. 2021,qwen32b,Education: 5) Bachelor's degree,3.1118888144430774,0.014486336119760943,5,2360,0.0,0.15666709684950725,0.16812631656108165,0.11375070217966146,0.8546938310658957,False
Kumar et al. 2021,qwen32b,Education: 6) Master's degree,2.0038980588251025,0.09138377200253092,5,2345,-0.027651157889530598,0.08406152664419597,0.1272913307441527,0.09635748071924062,1.0,False
Kumar et al. 2021,qwen32b,Education: 7) Professional degree,3.429534641983205,0.00837347388824286,5,2379,0.09837804915866834,0.21622625907484522,0.1672374381149174,0.1860055897109212,0.5693962244005145,False
Kumar et al. 2021,qwen32b,Education: 8) Doctoral degree,5.624215297602303,0.00016697520914772567,5,2323,-0.012625636123596679,0.17450986718326061,0.24074980356563536,0.13708304424765405,0.024962370860737007,True
Kumar et al. 2021,qwen32b,Education: Other,1.2802859623007532,0.2754251048736358,5,2374,0.08765853987599037,0.10802770899542989,0.14405619503356207,0.11534791469045891,1.0,False
Kumar et al. 2021,qwen32b,Education: Prefer not to say,2.0033891633485092,0.09143259660034911,5,2515,0.0019094690919473254,0.0673722613866045,0.15082771876210627,0.06326396488416651,1.0,False
Kumar et al. 2021,qwen32b,Ethnicity: Asian,4.469921777480675,0.0013300918787057297,5,3064,0.05106605569495834,0.11382178910181079,0.22203945782444132,0.11907466371948534,0.14098973914280735,False
Kumar et al. 2021,qwen32b,Ethnicity: Black,3.31215741031497,0.01023602452762016,5,2904,0.0453395110529968,0.12596949647527778,0.18041472938700406,0.16080387633902765,0.6653415942953104,False
Kumar et al. 2021,qwen32b,Ethnicity: Hispanic,4.325543387356677,0.001721361527626674,5,3055,0.001584187229513138,0.1426451999630786,0.16033108685713707,0.16836520780449676,0.17444260758903657,False
Kumar et al. 2021,qwen32b,Ethnicity: Multiracial,3.162172124167908,0.013253544560860848,5,3009,-0.0699152819590054,0.10080437773644585,0.11119955706887308,0.04127582876024479,0.8084662182125117,False
Kumar et al. 2021,qwen32b,Ethnicity: Other,2.886355756853376,0.021232644892252534,5,3089,0.0578909599078342,0.17038938757245262,0.1455468278597844,0.07972169319102788,1.0,False
Kumar et al. 2021,qwen32b,Ethnicity: Unknown,3.615876220797954,0.006032590315618723,5,3000,0.04198378508213837,0.15064964544035966,0.19290296686282554,0.10145697340750479,0.44037909304016676,False
Kumar et al. 2021,qwen32b,Ethnicity: White,2.8905738089530804,0.021082310851573683,5,3065,-0.043954777779688405,0.12419379940238248,0.09394163571323694,0.05830252953375583,1.0,False
Kumar et al. 2021,qwen32b,Gender: Female,3.9644286961875275,0.003253818817223192,5,4184,-0.003607328017540037,0.12722694452402955,0.14200248377326694,0.09815378561150097,0.28579040091997654,False
Kumar et al. 2021,qwen32b,Gender: Male,3.0440720845080054,0.016192045655547955,5,4099,0.04383597746426715,0.10926559190182279,0.15721536255525909,0.11720577721225016,0.9193302307295305,False
Kumar et al. 2021,qwen32b,Gender: Nonbinary,2.8491401205266897,0.02257860042028418,5,4009,-0.015986544655311786,0.10706964216247061,0.113428839161222,0.06567523314570294,1.0,False
Kumar et al. 2021,qwen32b,Gender: Unknown,3.9113216416278025,0.003574747460720345,5,4123,0.03983887475415735,0.13344777651313205,0.1663064550714336,0.12978455137809672,0.30385353416122934,False
Kumar et al. 2021,qwen32b,Has Been Targeted: False,4.509595790290193,0.0012290995380972935,5,4919,0.021863613589404862,0.12728455391494736,0.15429452202473354,0.11992739798981181,0.13301662246124812,False
Kumar et al. 2021,qwen32b,Has Been Targeted: True,4.958658261045758,0.0005472724244058464,5,4889,0.01617625472564818,0.13025694324624554,0.16375395424967487,0.11244404448447426,0.07059814274835419,False
Kumar et al. 2021,qwen32b,Is Parent: No,3.6825260871201024,0.005343595057645329,5,4514,-0.009847025341187225,0.1118299982119082,0.1308463518055099,0.08365692410329342,0.41145681943869034,False
Kumar et al. 2021,qwen32b,Is Parent: Prefer not to say,4.51414916395657,0.0012203359858830103,5,4569,-0.0020677419218024014,0.121184067361697,0.1492040270363979,0.111980229001621,0.13301662246124812,False
Kumar et al. 2021,qwen32b,Is Parent: Yes,5.078283886606313,0.00044133017391963805,5,4489,0.015562406859453646,0.13446298705205398,0.1751379809971295,0.10655958208457517,0.05869691313131186,False
Kumar et al. 2021,qwen32b,Is Transgender: No,3.7992235756882677,0.004352062101740299,5,4534,0.018749680064418222,0.1223995525961089,0.1511334626975401,0.07897154668611757,0.3525170302409642,False
Kumar et al. 2021,qwen32b,Is Transgender: Prefer not to say,3.5278028182045174,0.007006743573385914,5,4474,0.01843928059900017,0.13061022417807291,0.1350871372210782,0.10122003748518983,0.49047205013701395,False
Kumar et al. 2021,qwen32b,Is Transgender: Yes,4.533309254167983,0.001179287566409498,5,4520,0.019285628663551376,0.12237926740579264,0.16431703294543962,0.12435089636594775,0.1297216323050448,False
Kumar et al. 2021,qwen32b,Political Affiliation: Conservative,3.605336050472796,0.006128093861359574,5,3789,-0.032441988123386535,0.10957258734030266,0.12277148118689325,0.09719137792532923,0.44122275801788935,False
Kumar et al. 2021,qwen32b,Political Affiliation: Independent,2.422240104716071,0.04619578375557615,5,3749,0.033630344552146245,0.11028307111391103,0.13203679935488133,0.11597997386359675,1.0,False
Kumar et al. 2021,qwen32b,Political Affiliation: Liberal,4.925220042650988,0.0005847144169413544,5,3614,0.02047821742840865,0.16598611359432647,0.18546465818803207,0.11805155854772943,0.07484344536849337,False
Kumar et al. 2021,qwen32b,Political Affiliation: Other,4.45846434429067,0.0013534029151389747,5,3609,0.0501119978497833,0.14793385324792643,0.18969423284453954,0.15659130245259825,0.14210730608959235,False
Kumar et al. 2021,qwen32b,Political Affiliation: Prefer not to say,4.149029897097768,0.002349935192184973,5,3624,0.03643595980012843,0.11360827155330178,0.18168654843424334,0.1507439707914126,0.2161940376810175,False
Kumar et al. 2021,qwen32b,Religion Important: 1) No,3.8821316579851577,0.0037704180692315313,5,3570,-0.013076640843517486,0.13535691041423922,0.14457328690204102,0.05501246139888502,0.3129446997462171,False
Kumar et al. 2021,qwen32b,Religion Important: 2) Not very,3.6360872184653132,0.005808136301862146,5,3714,0.04113635475034541,0.1611273247953834,0.1458135115363937,0.13377225085052677,0.42980208633779876,False
Kumar et al. 2021,qwen32b,Religion Important: 3) Somewhat,3.905007438145221,0.0036197588679791853,5,3684,0.01607540984984863,0.14133732558271533,0.14905348167733448,0.1386084507853275,0.30405974491025156,False
Kumar et al. 2021,qwen32b,Religion Important: 4) Very,3.3365123049981213,0.009787306904386141,5,3804,0.006283785060047484,0.1223337634523138,0.14158429036409517,0.108972860373403,0.6459622556894853,False
Kumar et al. 2021,qwen32b,Religion Important: Prefer not to say,2.946691686596083,0.01913522611605234,5,3734,0.0036313129894953934,0.042779735897139785,0.13974193158944864,0.10528347062637985,1.0,False
Kumar et al. 2021,qwen32b,Seen Toxicity: False,4.490234552573037,0.0012725289256476713,5,4919,0.017049893864793896,0.12864835221016238,0.15232398812835565,0.11061677885316094,0.13616059504430084,False
Kumar et al. 2021,qwen32b,Seen Toxicity: True,4.57123456524075,0.0011003908988094317,5,4909,0.018257202898792194,0.13087446615615933,0.1557847883357163,0.10342893052033207,0.12324378066665635,False
Kumar et al. 2021,qwen32b,Sexual Orientation: Bisexual,3.67939589005804,0.005383562894953478,5,3715,-0.01894491971242733,0.08967230534046206,0.15114494492329136,0.0945220988233033,0.41145681943869034,False
Kumar et al. 2021,qwen32b,Sexual Orientation: Heterosexual,4.655913752573922,0.0009494231207091883,5,3694,0.059022223268759076,0.18035633502835757,0.18255111128334198,0.1516084208030471,0.11013308200226585,False
Kumar et al. 2021,qwen32b,Sexual Orientation: Homosexual,4.779190345265646,0.0007606993163000201,5,3660,0.02928196868555877,0.1589365421093023,0.18528748984774365,0.14216040170244512,0.09146292970693791,False
Kumar et al. 2021,qwen32b,Sexual Orientation: Other,2.710151587867943,0.028572843028626272,5,3649,0.009513380386346883,0.12072659175545296,0.12516107978452518,0.1056476884094965,1.0,False
Kumar et al. 2021,qwen32b,Sexual Orientation: Prefer not to say,3.8309264838657873,0.004125143424020945,5,3674,-0.005323631860684948,0.12452298436743317,0.1546055462373605,0.09970869071740458,0.3382617607697175,False
Kumar et al. 2021,qwen32b,Technology Impact: 1) Very negative,4.788168861832202,0.0007486283416588317,5,3628,0.0054939047891650935,0.15730157280983315,0.16515313497722253,0.1380783575814209,0.09146292970693791,False
Kumar et al. 2021,qwen32b,Technology Impact: 2) Somewhat negative,2.959221343953767,0.018729260575946396,5,3779,0.024335629242431177,0.13316716731408604,0.14058913294922182,0.09232638700644676,1.0,False
Kumar et al. 2021,qwen32b,Technology Impact: 3) Neutral,3.975417861968729,0.0031954314768981047,5,3754,-0.05154431242918461,0.07887338675767551,0.12799785717880366,0.10149531261406562,0.28579040091997654,False
Kumar et al. 2021,qwen32b,Technology Impact: 4) Somewhat positive,3.713909780427007,0.0050656209649067975,5,3819,0.023136731716049016,0.12751245762327276,0.16162759511451247,0.12551724197746367,0.3951184352627302,False
Kumar et al. 2021,qwen32b,Technology Impact: 5) Very positive,3.125935271442806,0.014081172654804963,5,3675,0.04132777681882398,0.12959823410030943,0.1549155734401217,0.1342373584461303,0.8448703592882978,False
Kumar et al. 2021,qwen32b,Toxicity Problem: 1) Never,4.693733001491155,0.0008870135642015999,5,3695,-0.0555846349427288,0.10734921420892801,0.14144512125877057,0.09301674604011466,0.10378058701158718,False
Kumar et al. 2021,qwen32b,Toxicity Problem: 2) Rarely,2.8093879184485604,0.024164228906082642,5,3679,-0.012271028903585248,0.055592879286710147,0.13608307168029793,0.09148307007040106,1.0,False
Kumar et al. 2021,qwen32b,Toxicity Problem: 3) Occasionally,3.4571137876397375,0.007940859207873938,5,3629,0.013712610056174102,0.13272200114473515,0.15634819676428632,0.10000222729334524,0.5479192853433017,False
Kumar et al. 2021,qwen32b,Toxicity Problem: 4) Frequently,3.979194714438233,0.0031754488991108504,5,3640,0.008219248514167833,0.1406529521788216,0.16036334501820526,0.10809928310282917,0.28579040091997654,False
Kumar et al. 2021,qwen32b,Toxicity Problem: 5) Very Frequently,3.297873374572131,0.010466762544733084,5,3719,0.07588135121225725,0.14761119327296818,0.1579268223899268,0.1576682051668018,0.6698728028629174,False
Kumar et al. 2021,qwen7b,Age: 1) 18 - 24,4.233372515115505,0.0020327147423562326,5,2741,-0.02025155508700341,0.08728911426610698,-0.08323928248268088,-0.14186198350175652,0.19514061526619833,False
Kumar et al. 2021,qwen7b,Age: 2) 25 - 34,6.208004225820328,5.7094809514808864e-05,5,2678,-0.16250753903924403,0.02324528328361883,-0.09033222186750878,-0.22984903006795585,0.009306453950913845,True
Kumar et al. 2021,qwen7b,Age: 3) 35 - 44,4.9271502784093375,0.0005868130821085346,5,2729,-0.11873553011687353,0.05026915217349356,-0.05951666464082738,-0.18634986855432567,0.07484344536849337,False
Kumar et al. 2021,qwen7b,Age: 4) 45 - 54,4.182512582838155,0.0022252564038489275,5,2723,-0.07505807388276436,0.11573139119547153,-0.014036358548133544,-0.10710559835046382,0.20694884555795026,False
Kumar et al. 2021,qwen7b,Age: 5) 55 - 64,3.94868155932314,0.0033666635703380747,5,2714,-0.08435360245470208,0.08722460835942421,-0.025759196423849558,-0.13370657461042618,0.28953306704907444,False
Kumar et al. 2021,qwen7b,Age: 6) 65 or older,5.739570988048216,0.0001340492459239381,5,2918,0.008386150865103352,0.15744250446099353,-0.02617936014932558,-0.11467796723142788,0.020777633118210407,True
Kumar et al. 2021,qwen7b,Age: Prefer not to say,6.697339999810694,2.3217321765916176e-05,5,2687,-0.07728551426538398,0.10697584984712304,-0.11473190418439254,-0.17515424221857215,0.004179117917864912,True
Kumar et al. 2021,qwen7b,Age: Under 18,5.290109380045065,0.0003044834107598405,5,2712,-0.11367450763711055,0.045296695351014965,-0.11571530752698256,-0.19508395804288595,0.04293216091713751,True
Kumar et al. 2021,qwen7b,Education: 1) No high school,3.7317454906270813,0.004940561102037077,5,2432,-0.054248795691607565,0.07735452859484977,-0.06196017898587606,-0.15995298641270503,0.3903043270609291,False
Kumar et al. 2021,qwen7b,Education: 2) High School graduate,4.332907207219517,0.0017102216430297703,5,2276,-0.054623698755005376,0.15562610453979836,0.005630909974325006,-0.09757167519127095,0.17444260758903657,False
Kumar et al. 2021,qwen7b,"Education: 3) College, no degree",2.329803128828881,0.05394058126383915,5,2199,-0.0098289947722518,0.06526221530588683,-0.026046336173768316,-0.13521149694345092,1.0,False
Kumar et al. 2021,qwen7b,Education: 4) Associate degree,7.0214983111552645,1.2896555773742593e-05,5,2311,-0.17166290958391314,0.04262866051986141,-0.199048422817071,-0.21307291148873178,0.002411655929689865,True
Kumar et al. 2021,qwen7b,Education: 5) Bachelor's degree,4.742849434219137,0.0008212334489884416,5,2342,-0.15292558900398714,0.04205892877669926,-0.14561196576558502,-0.16505089945505802,0.09690554698063611,False
Kumar et al. 2021,qwen7b,Education: 6) Master's degree,2.1668783956677555,0.07032313430055072,5,2325,-0.020917651947243546,0.11227386315485884,-0.04832912477667782,-0.04914799693696694,1.0,False
Kumar et al. 2021,qwen7b,Education: 7) Professional degree,3.6602078145505006,0.005602777298918463,5,2360,-0.04380097179750517,0.14533243637555499,0.06242789062060765,-0.0708230453115708,0.4202082974188847,False
Kumar et al. 2021,qwen7b,Education: 8) Doctoral degree,4.65359765922179,0.0009641666904367149,5,2311,-0.13118381826661688,0.03020978946053092,-0.11605043896636683,-0.21232427504328605,0.11059292640657854,False
Kumar et al. 2021,qwen7b,Education: Other,7.262531899259804,8.252822965826203e-06,5,2352,-0.09102458182030196,0.12205743027692477,-0.1624676647096602,-0.1630560564017335,0.0016093004783361096,True
Kumar et al. 2021,qwen7b,Education: Prefer not to say,4.438426319067725,0.001413784560043672,5,2489,-0.047670261957752945,0.09464139937465112,-0.09277382667079126,-0.1512974963775572,0.14703359424454188,False
Kumar et al. 2021,qwen7b,Ethnicity: Asian,4.772371567260787,0.0007732581865643435,5,3040,-0.07291039356930598,0.08391497600669111,-0.07157462799132853,-0.1467779016614913,0.09201772420115688,False
Kumar et al. 2021,qwen7b,Ethnicity: Black,4.312415661510112,0.0017641488988267263,5,2882,-0.09174327767987242,0.08265623747668349,-0.06302817707257759,-0.13614448976586388,0.17560983071204028,False
Kumar et al. 2021,qwen7b,Ethnicity: Hispanic,6.649637572260537,2.5190075920131734e-05,5,3029,-0.09997941712039081,0.11525500771016434,-0.026209055203740606,-0.15432169579154986,0.004458643437863317,True
Kumar et al. 2021,qwen7b,Ethnicity: Multiracial,5.856381545808689,0.00010819397686801198,5,2986,-0.13732334583885042,0.07370597928239306,-0.09215024439928378,-0.15520445505940672,0.016986454368277882,True
Kumar et al. 2021,qwen7b,Ethnicity: Other,6.4607529173369915,3.565464770302757e-05,5,3066,-0.016997860482977006,0.1309745342317656,-0.0246999644392624,-0.15672834580226558,0.006203908700326798,True
Kumar et al. 2021,qwen7b,Ethnicity: Unknown,4.973924022696822,0.0005380142512364189,5,2978,-0.09585166807855516,0.0566880436949495,-0.10665775590224343,-0.1662707967475703,0.07041857141471142,False
Kumar et al. 2021,qwen7b,Ethnicity: White,4.9741057259050425,0.0005375463466771864,5,3039,-0.04742312652508951,0.0692094475352866,-0.06885100225931197,-0.1743414792039699,0.07041857141471142,False
Kumar et al. 2021,qwen7b,Gender: Female,8.117540928750891,1.6212418938471404e-06,5,4157,-0.08367694575869128,0.09472597270911552,-0.06749548066152847,-0.16403847193928925,0.0003615369423279123,True
Kumar et al. 2021,qwen7b,Gender: Male,8.070066970056434,1.773953452127032e-06,5,4062,-0.07117490198759263,0.11012383222662643,-0.09037565631266803,-0.1430212481494345,0.0003938176663722011,True
Kumar et al. 2021,qwen7b,Gender: Nonbinary,6.437203353208001,3.68428265739457e-05,5,3982,-0.08429749608945916,0.0602529305457159,-0.06319041298111226,-0.17492638736377172,0.006373808997292606,True
Kumar et al. 2021,qwen7b,Gender: Unknown,6.703736689953436,2.2498029694176958e-05,5,4099,-0.0915933415057622,0.07019547717228296,-0.053216132306812665,-0.16493411249316006,0.00407214337464603,True
Kumar et al. 2021,qwen7b,Has Been Targeted: False,7.6994412758301305,3.512480967916732e-06,5,4885,-0.0781646558294252,0.07742227261797997,-0.05853008459204093,-0.15613762320412325,0.0007446459651983472,True
Kumar et al. 2021,qwen7b,Has Been Targeted: True,8.574997840494156,6.823353224626094e-07,5,4866,-0.06835784925820503,0.09958608126572908,-0.058629613095768404,-0.14989569887293516,0.00015971271755775728,True
Kumar et al. 2021,qwen7b,Is Parent: No,7.17088484456416,9.431744122790763e-06,5,4484,-0.07749483296779029,0.07147994590141157,-0.05199465129526973,-0.1659987599429166,0.0018203266156986172,True
Kumar et al. 2021,qwen7b,Is Parent: Prefer not to say,8.02164897567071,1.9306497500411544e-06,5,4537,-0.10107539078799858,0.0670066180059677,-0.06301656431642687,-0.17476772741762597,0.00042474294500905395,True
Kumar et al. 2021,qwen7b,Is Parent: Yes,7.493452495317837,5.1772943128591295e-06,5,4460,-0.053360206526225515,0.0902865161607756,-0.06686453524714671,-0.15645430863179233,0.0010716999227618398,True
Kumar et al. 2021,qwen7b,Is Transgender: No,9.106638323703095,2.524718343094683e-07,5,4503,-0.08963201285475907,0.09525496785055151,-0.05099151282039868,-0.16949620287162062,6.412784591460496e-05,True
Kumar et al. 2021,qwen7b,Is Transgender: Prefer not to say,7.92128104997984,2.331390036075947e-06,5,4442,-0.05678409785146988,0.09007020492694835,-0.07439654233781777,-0.1616274899541229,0.0005059116378284805,True
Kumar et al. 2021,qwen7b,Is Transgender: Yes,7.729402962939739,3.334177718359458e-06,5,4483,-0.08663860535256927,0.07818715680864208,-0.08750202801333841,-0.1571926000007859,0.0007101798540105645,True
Kumar et al. 2021,qwen7b,Political Affiliation: Conservative,5.669296995258464,0.0001511359690781608,5,3765,-0.0983561095720396,0.0637744885536886,-0.07810528062067551,-0.15133212079079855,0.022972667299880442,True
Kumar et al. 2021,qwen7b,Political Affiliation: Independent,7.04498733655315,1.2009318613456888e-05,5,3720,-0.106326113732076,0.05926524912005966,-0.09269672631955869,-0.18533978584794644,0.002257751899329895,True
Kumar et al. 2021,qwen7b,Political Affiliation: Liberal,8.279555803822927,1.2085191768406093e-06,5,3586,-0.06322603886485853,0.08638071734520977,-0.11790127935482063,-0.18946919174938232,0.00027675089149649954,True
Kumar et al. 2021,qwen7b,Political Affiliation: Other,6.4649027983495495,3.5149061559509116e-05,5,3579,-0.06537758863056539,0.09732925743595754,-0.06460865608087822,-0.15418379119489908,0.006151085772914095,True
Kumar et al. 2021,qwen7b,Political Affiliation: Prefer not to say,5.617294044457617,0.0001664158057382467,5,3593,-0.06280114622856027,0.12410076372209392,-0.008248378349375793,-0.10780995860631595,0.024962370860737007,True
Kumar et al. 2021,qwen7b,Religion Important: 1) No,6.807722749334706,1.8675668603884293e-05,5,3536,-0.03217030242352609,0.13691237628450767,-0.00823967897962525,-0.1355753386690036,0.00343632302311471,True
Kumar et al. 2021,qwen7b,Religion Important: 2) Not very,6.046180678499222,7.584428630275314e-05,5,3686,-0.10050375329748588,0.08019063332961379,-0.03315325928935334,-0.14948033538379532,0.012210930094743255,True
Kumar et al. 2021,qwen7b,Religion Important: 3) Somewhat,7.376772352875665,6.4940916675362165e-06,5,3649,-0.0719318030883691,0.0680933022121869,-0.11462925225825424,-0.1870249753900838,0.0013053124251747796,True
Kumar et al. 2021,qwen7b,Religion Important: 4) Very,5.692622310668773,0.00014480994443239996,5,3783,-0.07256137982252406,0.09476022956002919,-0.03616483168377141,-0.1332087209218574,0.022300731442589594,True
Kumar et al. 2021,qwen7b,Religion Important: Prefer not to say,4.879884071929985,0.0006342436500784242,5,3706,-0.036040658769674,0.11516871514848523,-0.048786823031676224,-0.09468112276726877,0.07991469990988145,False
Kumar et al. 2021,qwen7b,Seen Toxicity: False,8.179817132042796,1.4308497675840872e-06,5,4891,-0.08251644553979307,0.08414223126602548,-0.06923536815161338,-0.15297291964606907,0.0003233720474740037,True
Kumar et al. 2021,qwen7b,Seen Toxicity: True,7.321984479530685,7.097711269138504e-06,5,4888,-0.07442605142322074,0.08458272111517712,-0.05723649346399176,-0.1423166579415779,0.0013982491200202854,True
Kumar et al. 2021,qwen7b,Sexual Orientation: Bisexual,9.057703469012912,2.807706374718257e-07,5,3691,-0.11185122679246128,0.10510279960354628,-0.07007987574803204,-0.17700278020024843,7.075420064290007e-05,True
Kumar et al. 2021,qwen7b,Sexual Orientation: Heterosexual,7.0852004703233655,1.1154548257064763e-05,5,3664,-0.11914258801633902,0.06795116100381378,-0.08957204157958065,-0.1727916646789789,0.0021305187170993696,True
Kumar et al. 2021,qwen7b,Sexual Orientation: Homosexual,6.257327580027696,5.1481702744840724e-05,5,3634,-0.08489574579953182,0.04805503855631773,-0.07289349015162618,-0.19510851639566612,0.008648926061133242,True
Kumar et al. 2021,qwen7b,Sexual Orientation: Other,5.002612461949774,0.0005083668442153569,5,3624,-0.08821612712505511,0.05188933315516265,-0.07413859246285252,-0.15923114972191976,0.06710442343642711,False
Kumar et al. 2021,qwen7b,Sexual Orientation: Prefer not to say,6.746196364000486,2.089709340388751e-05,5,3647,-0.0620871200710745,0.1006368073742255,-0.09214159227945566,-0.14651615931581177,0.0038241680929114144,True
Kumar et al. 2021,qwen7b,Technology Impact: 1) Very negative,5.294350861954523,0.00029961262589721295,5,3607,-0.04733944097442864,0.1226696276931037,-0.006772598309284486,-0.105238504059867,0.04256169164157151,True
Kumar et al. 2021,qwen7b,Technology Impact: 2) Somewhat negative,7.048488038247563,1.1926823970619691e-05,5,3753,-0.10320906893366304,0.05278560641328074,-0.11849375136798367,-0.18354814513235254,0.0022541697304471215,True
Kumar et al. 2021,qwen7b,Technology Impact: 3) Neutral,7.298438209011424,7.5029013636552416e-06,5,3731,-0.10669844101240655,0.07581560678639827,-0.0920554891401007,-0.16989561590174354,0.0014705686672764273,True
Kumar et al. 2021,qwen7b,Technology Impact: 4) Somewhat positive,5.970321919576918,8.708918247885815e-05,5,3792,-0.09676651228546844,0.056356580610643414,-0.08948168686893455,-0.16681446052941842,0.013847180014138446,True
Kumar et al. 2021,qwen7b,Technology Impact: 5) Very positive,6.272105952744311,5.009545636801349e-05,5,3645,-0.05301018438279797,0.08760498722514232,-0.06331482870681533,-0.16226815695398178,0.00846613212619428,True
Kumar et al. 2021,qwen7b,Toxicity Problem: 1) Never,7.204648912958357,8.936803222213036e-06,5,3673,-0.09174014458212225,0.08591240475655174,-0.057839415631463664,-0.17581589629153135,0.001733739825109329,True
Kumar et al. 2021,qwen7b,Toxicity Problem: 2) Rarely,8.649267882515835,6.04415750466386e-07,5,3647,-0.1136515037560694,0.06506742763352939,-0.1237259259306593,-0.2050136096267648,0.00014324653286053348,True
Kumar et al. 2021,qwen7b,Toxicity Problem: 3) Occasionally,4.397021583710319,0.0015106539991335786,5,3601,-0.025066784146933373,0.08081438554267066,-0.10285987645777209,-0.10287114094547635,0.1555973619107586,False
Kumar et al. 2021,qwen7b,Toxicity Problem: 4) Frequently,7.3420364128173325,6.930325760811676e-06,5,3615,-0.10393467153651043,0.10113145408954854,-0.062261044611321814,-0.1537755060705546,0.0013722045006407117,True
Kumar et al. 2021,qwen7b,Toxicity Problem: 5) Very Frequently,5.297654061816482,0.00029763420728371685,5,3697,-0.06396475169502866,0.12642680834461809,-0.007973406182347398,-0.0865556748020986,0.04256169164157151,True
Sap et al. 2022,llama70b,Age: 1) Gen. X+,2.10474086695096,0.07798818621842497,5,1398,0.1488449397572725,0.20523334951523434,0.16974182902358262,0.05122348402965645,1.0,False
Sap et al. 2022,llama70b,Age: 2) Millennial,1.9220789568298808,0.10434586452058014,5,1368,0.16454148909504346,0.18096048841630968,0.16618360607259625,0.03696274163221901,1.0,False
Sap et al. 2022,llama70b,Age: 3) Gen. Z,1.8972504693811598,0.10849915723011015,5,1394,0.1267785709731911,0.1836565166067546,0.14263568019791067,0.016454975307106465,1.0,False
Sap et al. 2022,llama70b,Ethnicity: black,1.5964874316304853,0.17292995367329564,5,1136,0.14658089920410533,0.160382647403457,0.12896885762827176,-0.01453240264820992,1.0,False
Sap et al. 2022,llama70b,Ethnicity: hisp,1.2782723125228037,0.27658894919819743,5,1131,0.12182051684469342,0.1641912921073315,0.1301977783584469,0.010609876001371714,1.0,False
Sap et al. 2022,llama70b,Ethnicity: middleEastern,1.3808865264686019,0.23839805966786706,5,1165,0.1278216293621146,0.15827239409529753,0.18199006580022584,0.04437429427188664,1.0,False
Sap et al. 2022,llama70b,Ethnicity: other,2.3822214441035743,0.04980118179884928,5,1137,0.16355747165813542,0.24608152538113934,0.2186261342805101,0.09028377875736594,1.0,False
Sap et al. 2022,llama70b,Ethnicity: white,1.1332838882681688,0.33923024392324735,5,1139,0.11781169592896867,0.1283365610470991,0.1671756845744619,0.027900117646613088,1.0,False
Sap et al. 2022,llama70b,Gender: man,1.9653302053870767,0.09742905161424337,5,1400,0.13580638425313507,0.19011144173380345,0.18105217628426298,0.04884024330011676,1.0,False
Sap et al. 2022,llama70b,Gender: nonBinary,1.8017868712421894,0.12602732313210271,5,1339,0.12538559672532504,0.15389094995898958,0.17103289984914583,0.006210270353284797,1.0,False
Sap et al. 2022,llama70b,Gender: woman,2.220376943220711,0.06471037339081766,5,1384,0.15894062021466412,0.2057639180742419,0.16217501461240005,0.0403262221019829,1.0,False
Sap et al. 2022,olmo32b,Age: 1) Gen. X+,13.111085278116725,1.7402216275563474e-10,5,1397,-0.013636988673921152,0.004501642836822435,0.4244091229509172,-0.09616450541351924,5.098849368740098e-08,True
Sap et al. 2022,olmo32b,Age: 2) Millennial,12.908254634092891,2.5596878511221854e-10,5,1367,0.024141719417661717,0.028858608167642495,0.45316939505665454,-0.09383102064437397,7.423094768254338e-08,True
Sap et al. 2022,olmo32b,Age: 3) Gen. Z,12.922037496387553,2.4757300106057446e-10,5,1392,-0.016634966110626127,0.005315004559605418,0.4190777021301926,-0.1148501272002535,7.204374330862716e-08,True
Sap et al. 2022,olmo32b,Ethnicity: black,12.074708251812833,1.299491176107098e-09,5,1131,0.037632473895158496,0.04625761780588936,0.48493552173027116,-0.08411087489047017,3.6645651166220163e-07,True
Sap et al. 2022,olmo32b,Ethnicity: hisp,11.031289836794361,8.877086345764022e-09,5,1131,-0.053264679425868905,0.02099265478674809,0.44191233826593085,-0.07978781138600986,2.458952917776634e-06,True
Sap et al. 2022,olmo32b,Ethnicity: middleEastern,12.182601240661715,1.051495069397464e-09,5,1164,-0.01875514708901955,0.02369078935877684,0.44640607389280784,-0.12598399955082148,2.975731046394823e-07,True
Sap et al. 2022,olmo32b,Ethnicity: other,10.495801609579214,2.376200171161289e-08,5,1135,0.033812701995471074,0.04743173281454287,0.458810111450697,-0.07535868954556026,6.463264465558706e-06,True
Sap et al. 2022,olmo32b,Ethnicity: white,9.308139187587368,2.1113447712032566e-07,5,1136,0.04123675264962621,0.0164064267133436,0.40544451276052584,-0.1325187921374137,5.4261560619923695e-05,True
Sap et al. 2022,olmo32b,Gender: man,13.299622683392117,1.2262474274953363e-10,5,1397,0.006120607480437877,0.03459383912551839,0.4451890793593246,-0.09240517420707905,3.617429911111242e-08,True
Sap et al. 2022,olmo32b,Gender: nonBinary,14.92184886332919,6.186164422591082e-12,5,1339,0.02547336945451248,0.04689922409314651,0.4908628359696084,-0.0968177063439288,1.8558493267773247e-09,True
Sap et al. 2022,olmo32b,Gender: woman,14.371069489878217,1.6866199642399568e-11,5,1383,0.025609305548866847,0.04049838053468232,0.47944700054315864,-0.08586781640581427,5.042993693077471e-09,True
Sap et al. 2022,qwen32b,Age: 1) Gen. X+,0.9321610596863036,0.4443073189955682,5,1398,-0.1605969879570645,-0.042992628453297856,-0.10725740692156119,-0.08342166161195722,1.0,False
Sap et al. 2022,qwen32b,Age: 2) Millennial,0.4308900459592029,0.7864018436428912,5,1368,-0.11060715168516909,-0.02708511042691336,-0.05973083741349368,-0.034967829396356585,1.0,False
Sap et al. 2022,qwen32b,Age: 3) Gen. Z,0.3374256231757349,0.8528339170418662,5,1394,-0.09589475763961644,-0.04175418571081334,-0.049301944372632696,-0.07065619045845772,1.0,False
Sap et al. 2022,qwen32b,Ethnicity: black,0.34979721717211704,0.8442715246678834,5,1136,-0.11019650530416865,-0.027112487372521785,-0.049404491060277854,-0.06548081422864564,1.0,False
Sap et al. 2022,qwen32b,Ethnicity: hisp,0.6528340068570728,0.6249416394458083,5,1131,-0.13938674152737746,-0.07811696954764114,-0.014134537844909863,-0.0279695514511087,1.0,False
Sap et al. 2022,qwen32b,Ethnicity: middleEastern,1.0766895013507718,0.36661390896236007,5,1165,-0.1692844853934627,-0.14376186513205494,-0.13480822982911292,-0.1141024516525013,1.0,False
Sap et al. 2022,qwen32b,Ethnicity: other,0.5805842234091958,0.6767654141472647,5,1137,-0.09922763431960777,0.026891584701070264,-0.07502455434788957,-0.04590901482564172,1.0,False
Sap et al. 2022,qwen32b,Ethnicity: white,0.5559071866403742,0.694745893722671,5,1139,-0.07699541219207474,0.003810232167367444,-0.07937119541476687,-0.10645589060822132,1.0,False
Sap et al. 2022,qwen32b,Gender: man,0.7867069886450782,0.5337724570855087,5,1400,-0.15229809189510757,-0.03589633402995271,-0.0880698107493927,-0.06301379728990793,1.0,False
Sap et al. 2022,qwen32b,Gender: nonBinary,0.46764834885438356,0.7595281699898899,5,1339,-0.1140579536836834,-0.012559994142920696,-0.05065462626625323,-0.02559984529179077,1.0,False
Sap et al. 2022,qwen32b,Gender: woman,0.3699784690955685,0.8301442376044325,5,1384,-0.10237375643927245,-0.02182660534363395,-0.052663112430115365,-0.04200797695498224,1.0,False
Sap et al. 2022,qwen7b,Age: 1) Gen. X+,1.2070582201851872,0.3059085800673805,5,1398,0.08542680646181673,0.15649079978768565,0.06137949503703159,0.015786060942605262,1.0,False
Sap et al. 2022,qwen7b,Age: 2) Millennial,1.5756456133438383,0.17833197307079265,5,1368,0.09776747203697679,0.189118305749343,0.08941434279800928,0.03541919171014493,1.0,False
Sap et al. 2022,qwen7b,Age: 3) Gen. Z,1.8963825998481851,0.10864753285910636,5,1394,0.1488217025674013,0.19930375905084008,0.10112895407040301,0.050778337430793,1.0,False
Sap et al. 2022,qwen7b,Ethnicity: black,0.7707225706287526,0.5442942004606307,5,1136,0.06238767814377093,0.13747607913469276,0.06824985725166309,0.008958771630878076,1.0,False
Sap et al. 2022,qwen7b,Ethnicity: hisp,0.9902159201635505,0.4117987666341638,5,1131,0.06015565407154855,0.1611954133174662,0.09916898292812099,0.023328263113869496,1.0,False
Sap et al. 2022,qwen7b,Ethnicity: middleEastern,1.1829068143290695,0.3165761523822778,5,1165,0.07493495609304893,0.14752513561688044,0.020966710314141376,-0.016873267873849553,1.0,False
Sap et al. 2022,qwen7b,Ethnicity: other,2.422950740011364,0.046579462192763744,5,1137,0.15983857884260885,0.23788915287949813,0.08276428307875613,0.025907937609196557,1.0,False
Sap et al. 2022,qwen7b,Ethnicity: white,1.3819286186850823,0.2380518096004971,5,1139,0.09825032572573755,0.19864331745433925,0.10640416014507961,0.0513802542752668,1.0,False
Sap et al. 2022,qwen7b,Gender: man,1.3717444754861319,0.24148088874131834,5,1400,0.11120432264119388,0.18801886922375366,0.09824883072449092,0.0808312065283545,1.0,False
Sap et al. 2022,qwen7b,Gender: nonBinary,1.795676208683536,0.1272321763929878,5,1339,0.09182161557353764,0.21400961388863962,0.11303940431499848,0.06924148548833786,1.0,False
Sap et al. 2022,qwen7b,Gender: woman,2.147142415788053,0.07284854996241494,5,1384,0.11561946600092571,0.20956092720652686,0.08103432135390454,0.021130390701613603,1.0,False
